Cue,Collection_S12,Collection_S15,Collection_S21,Collection_S22,Collection_S23,Collection_S30,Collection_S34,Collection_S57,Collection_S64,Collection_S65,Collection_S67,Collection_S7,Count_S12,Count_S15,Count_S21,Count_S22,Count_S23,Count_S30,Count_S34,Count_S57,Count_S64,Count_S65,Count_S67,Count_S7
abeill,"""instr""","""ruche"", ""miel"", ""bourdon""","""miel"", ""ruche"", ""fleur"", ""pollinisation""","""instr""","""instr""","""voler"", ""jeune"", ""noir"", ""miel"", ""ruche""","""instr""","""voler"", ""miel"", ""guêpe"", ""piquer"", ""faire, mal""","""miel"", ""arbre"", ""erbe""","""miel"", ""nature"", ""reine""",,"""miel"", ""ruche"", ""reine"", ""chemin""",1,3,4,1,1,5,1,5,3,3,0,4
accordéon,"""musique"", ""bar"", ""bus"", ""partition""","""musique"", ""rome"", ""vol"", ""argent""","""musique"", ""rue"", ""folklore"", ""difficile"", ""rouge"", ""air""",,"""musique"", ""traditionel"", ""performance"", ""artiste"", ""chanson""","""musique"", ""chiant"", ""bruit"", ""pas, joli""","""musique"", ""difficile"", ""bouton"", ""rouge""","""musique"", ""danser"", ""piano"", ""air"", ""son"", ""entendre"", ""ecouter""","""instrument"", ""musique"", ""guitar"", ""piano"", ""guitar, electriqu"", ""clavier""","""tramway"", ""musique"", ""pari"", ""romantique"", ""instrument"", ""musique"", ""son"", ""melodieux""","""instrument, medical, musical"", ""musique"", ""fribourg"", ""chanson"", ""français""","""musique"", ""danse"", ""ballet"", ""russie"", ""lac, de, cygne""",4,4,6,0,5,4,4,7,6,8,5,5
agrafe,"""feuille"", ""ecole"", ""devoir"", ""stylo"", ""agrafeuse"", ""ciseau""","""papier"", ""travail"", ""emprimente"", ""photocopieur""","""paquet"", ""document"", ""agrafer"", ""ressembler"", ""maintenir""",,"""papier"", ""document"", ""travail""","""feuille"", ""emprimer"", ""papier"", ""gris"", ""mal"", ""douleur""","""papier"", ""machine"", ""faire"", ""bruit""","""agrafer"", ""document"", ""garder"", ""propre"", ""classer""",,,,"""presse"", ""papier"", ""scolaire"", ""cancellerie""",6,4,5,0,3,6,4,5,0,0,0,4
anguille,"""electricité"", ""snorkeling"", ""mer"", ""ocean"", ""corail"", ""poisson""",,"""poisson"", ""long"", ""ondulation"", ""noir"", ""visqueux""",,,"""electriqu"", ""japon"", ""bon"", ""manger"", ""sushi"", ""riz""","""glisser"", ""grand"", ""noir"", ""haut""","""nager"", ""manger"", ""chasser"", ""poisson"", ""griller"", ""asaisoné""","""serpent"", ""mer"", ""fruit, de, mer""",,"""eau"", ""riviere"", ""mer""","""mer"", ""dessin, animer, de, disney""",6,0,5,0,0,6,4,6,3,0,3,2
arbalète,"""le, film, rebel"", ""chasse"", ""chasseur"", ""fusil"", ""arme"", ""tire, à, larc""",,"""armure"", ""moyen, age"", ""cruel"", ""destructeur"", ""dur""",,"""guerre"", ""combat"", ""dangereux"", ""mort"", ""blesser"", ""tuer""",,"""flèche"", ""guerre"", ""moyen, age"", ""bois""","""tirer"", ""tuer"", ""chasser"", ""manger"", ""fourrure""","""arc"", ""fleche"", ""tirer"", ""cible"", ""chasser""","""moyen, age"", ""defense"", ""combat"", ""bataille"", ""fleche"", ""narnia""",,"""guerre"", ""moyen, age"", ""bataille"", ""soldat""",6,0,5,0,6,0,4,5,5,6,0,4
artichaut,,,,,,,,,,,,,0,0,0,0,0,0,0,0,0,0,0,0
asperge,"""vert"", ""cuisine"", ""huil"", ""couteau"", ""fourchette"", ""verre"", ""assiette""","""salade"", ""santé"", ""vert"", ""croquant"", ""delicieux""","""poisson"", ""vert"", ""long""","""vegetal"", ""vert"", ""cuisiner""","""vegetal"", ""sain"", ""nutrition""","""legume"", ""puer"", ""pipier"", ""long"", ""mayonnaise"", ""bon""","""vert"", ""sauce""","""asaisoner"", ""manger"", ""avec, un, sauce"", ""vapeur"", ""vitamine""",,"""salade"", ""bon"", ""santé""","""verdure"", ""vert"", ""vapeur""",,7,5,3,3,3,6,2,5,0,3,3,0
autruche,"""sable"", ""aile"", ""plume"", ""le, œuf"", ""grand"", ""courire, course"", ""vite""","""animal"", ""jardin, botanique"", ""sauvage"", ""de, oeuf""","""oiseau"", ""aggressif"", ""plume"", ""rapide""",,"""afrique"", ""sauvage"", ""zoo, park""","""rapide"", ""grand"", ""un, oeuf""","""plume"", ""dangereux"", ""vite""","""tête"", ""cacher"", ""courir""","""oiseau"", ""ail"", ""ciel"", ""nuage"", ""montagne""","""tête"", ""cou"", ""animal"", ""terre"", ""protection""","""pouvoir, juste, courir"", ""tre, vite""","""nid"", ""courir""",7,4,4,0,3,3,3,3,5,5,2,2
auvent,,,,,,,,"""hotel"", ""pluie"", ""cache"", ""restaurer""","""parapluie"", ""soleil"", ""jupiter"", ""mars""","""protection"", ""soleil""",,"""proteger, lentree"", ""porte, dentre"", ""vent"", ""soleil""",0,0,0,0,0,0,0,4,4,2,0,4
banjo,,,"""instrument"", ""musique"", ""etat, uni"", ""lousiane""",,,"""instrument"", ""guitar"", ""violon"", ""accorder"", ""acoustique""",,,,"""instrument, musiqu"", ""son"", ""vibration"", ""guitar""",,"""musique"", ""chanteur"", ""fête""",0,0,4,0,0,5,0,0,0,4,0,3
baudrier,"""harnet"", ""escalade"", ""grimper"", ""saut"", ""hauter"", ""danger"", ""sport""",,"""grimper"", ""grimper"", ""securité""",,,"""escalader"", ""protection"", ""grimper"", ""cirque"", ""stunt""",,"""escalade"", ""moniteur, descalade"", ""arbre"", ""accrobranche"", ""sport"", ""nature"", ""dehor""","""escalade"", ""protection"", ""chute"", ""parachute"", ""grimper"", ""prise""","""enfant"", ""bebe"", ""dos"", ""promenade""",,"""enfant"", ""jeu"", ""escalier"", ""escalade"", ""randonnée""",7,0,3,0,0,5,0,7,6,4,0,5
bouclier,,,"""armure"", ""épée"", ""marteau"", ""moyen, age""",,,"""guerre"", ""moyen, age"", ""épée"", ""protection"", ""violence""","""guerre"", ""protection"", ""bois"", ""moyen, age""","""proteger"", ""guerre"", ""épée"", ""se, battre"", ""proteger"", ""sabre""","""protection"", ""épée"", ""dragon"", ""prince"", ""princesse"", ""bataille"", ""meurtre""","""armure"", ""épée"", ""moyen, age"", ""chevalier"", ""combat"", ""protection""",,"""epaule"", ""bataille"", ""guerre""",0,0,4,0,0,5,4,6,7,6,0,3
boulier,"""math"", ""enfance"", ""jeu"", ""equation"", ""addition"", ""finance""",,"""matematiqu"", ""grec"", ""antique"", ""vieux"", ""conter, à, le, main""",,,"""calculer"", ""chine"", ""math"", ""boule"", ""statistique""",,"""un, bille"", ""calculer"", ""math"", ""couleur"", ""dire"", ""classer"", ""faire, un, calcule""",,,,"""conter"", ""enfant"", ""jeu"", ""chiffre""",6,0,5,0,0,5,0,7,0,0,0,4
calamar,"""mer"", ""pulpe"", ""medue"", ""poisson"", ""nouritture"", ""citron"", ""alghe"", ""soleil""","""mer"", ""poisson"", ""corail"", ""vie, marine""","""ocean"", ""profond"", ""nocturne"", ""geer"", ""tentacule""",,,"""frire"", ""mediteranne"", ""ocean"", ""grand"", ""petit"", ""rose"", ""brun""","""ocean"", ""tentacule"", ""manger""","""manger"", ""salade"", ""nager"", ""poisson"", ""ocean"", ""mer"", ""sel""",,"""crevette"", ""fruit, de, mer"", ""nouritture"", ""eau, saler"", ""ocean""","""delicieux"", ""gris"", ""soupe"", ""pomme, de, terre"", ""mer""","""fruit, de, mer"", ""manger"", ""odeur, de, mer"", ""salé"", ""poisson"", ""ocean""",8,4,5,0,0,7,3,7,0,5,5,6
cameleon,"""changer, de, couleur"", ""reponse, le, film"", ""animal"", ""foret"", ""couleur""","""couleur"", ""nature"", ""foret"", ""arbre"", ""feuille"", ""mouche"", ""insect"", ""langue""","""animal"", ""camouflage"", ""lézard"", ""insectivor""","""animal"", ""camouflage"", ""couleur"", ""arbre""","""animal"", ""couleur"", ""camouflage"", ""sauvage"", ""amical""","""changer"", ""camoufler"", ""langue"", ""insect"", ""couleur"", ""bois""","""collard"", ""trident"", ""changement"", ""langue""","""changer, de, couleur"", ""couleur"", ""sadapter"", ""arbre"", ""environment"", ""animal""","""couleur"", ""changement"", ""adaptation"", ""foret""","""couleur"", ""langue"", ""camouflage"", ""protection"", ""oeil"", ""colorer"", ""beau""","""changer, de, couleur"", ""tropical"", ""tre, rare"", ""etrang""","""amazonie"", ""savanne"", ""chaud"", ""changer, le, couleur""",5,8,4,4,5,6,4,6,4,7,4,4
carillon,,,,,"""musique"", ""instrument"", ""orchestre"", ""chanson"", ""artiste"", ""performance""","""musique"", ""baton"", ""tapper""",,"""musique"", ""fëte"", ""melodie"", ""danser"", ""note""",,"""instrument, musiqu"", ""bruit"", ""melodieux""",,"""musique"", ""jouer"", ""concert"", ""conservatoire"", ""teatre""",0,0,0,0,6,3,0,5,0,3,0,5
catapulte,"""medieval"", ""chevalier"", ""château"", ""fortresse"", ""arme"", ""mort"", ""guerre"", ""soldat""","""vieux, epoque"", ""torture"", ""chateau""","""roman"", ""siege"", ""pierre"", ""maladie"", ""strategie"", ""destruction"", ""attaque"", ""non, defensiv""","""lancer"", ""bois""","""guerre"", ""siege"", ""attaque"", ""fortress""","""cannon"", ""moyen, age"", ""guerre"", ""antiquité"", ""violence"", ""tirer""","""guerre"", ""bois"", ""force"", ""rapide""","""guerre"", ""moyen, age"", ""bois"", ""feu"", ""incendie"", ""bruler"", ""etandre"", ""eau""","""protection"", ""bois"", ""bombe"", ""attaque"", ""chateau"", ""roman"", ""greque""","""moyen, age"", ""combat"", ""defense"", ""technique"", ""decouverte"", ""innovation"", ""combat"", ""strategie""",,"""pierre"", ""fortress"", ""muraill"", ""geter"", ""guerre""",8,3,8,2,4,6,4,8,7,8,0,5
celeri,,,,,,,,"""salade"", ""mager"", ""sauce"", ""legume"", ""vert"", ""planter"", ""plantation""",,,"""tre, bon, pour, le, santé"", ""soupe"", ""quiche"", ""degoutant""",,0,0,0,0,0,0,0,7,0,0,4,0
chalumeau,"""marshmellow"", ""cuisine"", ""chauffer"", ""le, feu"", ""bruler""",,,,,"""feu"", ""cuire"", ""chaleur"", ""manger""","""feu"", ""chaud"", ""dangereux"", ""ga""","""chimie"", ""camping"", ""allumer"", ""feu"", ""se, rechauffer"", ""allumette"", ""briquet"", ""fumer""","""flame"", ""allumette"", ""briquet"", ""cigarette"", ""rouler"", ""tabac""",,,"""feu"", ""bois"", ""odeur"", ""chaminet""",5,0,0,0,0,4,4,8,6,0,0,4
charniere,"""porte"", ""moment, charniere"", ""serrure"", ""poignée, de, porte"", ""bois""",,"""usine"", ""porte"", ""mechanism"", ""cuir""",,,,,,,,,"""porte"", ""ouvrir"", ""vis"", ""accrocher""",5,0,4,0,0,0,0,0,0,0,0,4
chat,"""canapé"", ""animal"", ""chien"", ""compagnie"", ""griffe"", ""blessure""","""lit"", ""poil"", ""amour"", ""calin"", ""nouritture"", ""litière""","""poil"", ""animal"", ""felin"", ""mammifere""","""petit"", ""mignon"", ""animal"", ""gentil""","""jouer"", ""animal"", ""felin"", ""mignon""","""felin"", ""mammifere"", ""chien"", ""fourrure"", ""poil""",,"""chaton"", ""beau"", ""mignon"", ""adorable""","""chien"", ""animal"", ""domestique"", ""maison"", ""meuble""","""animal"", ""felin"", ""mignon""","""instr""","""nourriture"", ""chien"", ""mettre""",6,6,4,4,4,5,0,4,5,3,1,3
chaussette,,,,,,,,,,,,,0,0,0,0,0,0,0,0,0,0,0,0
chevalet,"""canva"", ""le, peinture"", ""artiste"", ""artiste"", ""acriliqu"", ""pincal""",,,,,"""peindre"", ""reinassance"", ""leonardo, da, vinci"", ""toile"", ""blanc"", ""art"", ""artiste""","""peinture"", ""couleur"", ""paysage""","""dessiner"", ""peindre"", ""peinture"", ""histoire, de, lart"", ""observer"", ""musee"", ""peinture"", ""pincal""","""toile"", ""peinture"", ""art"", ""brosee"", ""van, gogh""","""peinture"", ""huil"", ""tableau"", ""fresque"", ""art"", ""picasso"", ""modern""","""dessiner"", ""acril"", ""paysage"", ""portrer"", ""artiste""","""dessin"", ""artiste"", ""peintre"", ""toile"", ""pincal""",6,0,0,0,0,7,3,8,5,7,5,5
cintre,,,,,,,,,,,,,0,0,0,0,0,0,0,0,0,0,0,0
clarinette,"""musique"", ""musique, classique"", ""concert"", ""spectacle, doper""",,"""instrument"", ""vent"", ""milieu"", ""orchestre"", ""nasal""",,"""musique"", ""orchestre"", ""artiste"", ""chanson""","""musique"", ""instrument"", ""bruit"", ""vent"", ""saxophone"", ""trompette"", ""charleston""",,"""musique"", ""piano"", ""danser"", ""note, de, musique"", ""solfege"", ""prof, de, piano""","""flute"", ""souffler"", ""musique"", ""note"", ""accord""",,,"""musique"", ""orchestre"", ""applaudir"", ""chanter""",4,0,5,0,4,7,0,6,5,0,0,4
colibri,"""le, vacance"", ""fleure"", ""sucre"", ""nectar"", ""aile"", ""rapidité"", ""vol""","""oiseau"", ""fleur"", ""ibiscus"", ""couleur"", ""silence"", ""joli"", ""mignon""","""vitesse"", ""oiseau"", ""vert"", ""rapide"", ""petit""","""oiseau"", ""rapide"", ""petit"", ""fleur""","""oiseau"", ""petit"", ""couleur"", ""pollen"", ""fleur""","""hirondelle"", ""oiseau"", ""voler"", ""rapide"", ""long"", ""haut"", ""hydratation""","""couleur"", ""voyage"", ""bec"", ""chant""","""voler"", ""couleur"", ""oiseau"", ""ver, de, terre"", ""bec"", ""aile"", ""patte""","""couleur"", ""voler"", ""petit"", ""oiseau""","""oiseau"", ""bruit"", ""chant"", ""printemps"", ""soleil"", ""arbre"", ""feuille"", ""nid""","""tre, petit"", ""colorer"", ""tropical"", ""jamais, voir""","""vitesse"", ""voler"", ""fleur"", ""nectare"", ""minuscule""",7,7,5,4,5,7,4,7,4,8,4,5
compas,"""devoir"", ""rond"", ""ecole, primaire"", ""feuille"", ""maitresse"", ""prof"", ""pupitre""","""math"", ""cercle"", ""angle"", ""calculer"", ""exercise"", ""ecole"", ""cour"", ""professeur"", ""stylo""",,"""math"", ""dessiner"", ""cercle""","""matematiqu"", ""ecole"", ""travail"", ""calculer"", ""physique""","""math"", ""geometrie"", ""platon"", ""statistique""","""precision"", ""rond"", ""ecole"", ""matematiqu"", ""enfance""","""tracer"", ""math"", ""cercle"", ""calculer"", ""angle"", ""circonference""","""equerre"", ""feuille"", ""geometrie"", ""aritmetiqu"", ""espace""",,,"""matematiqu"", ""geographie"", ""ecole"", ""marrant, marin"", ""bateau"", ""capitain""",7,9,0,3,5,4,5,6,5,0,0,6
cor,"""chasse"", ""trompette"", ""chien"", ""fusil""","""medicine""","""instrument"", ""orchestre"", ""mélodie"", ""sonnette""",,,"""musique"", ""instrument"", ""flûte"", ""à, vent"", ""saxophone"", ""guitare""","""bruit"", ""musique"", ""pays, de, nord""","""trompette"", ""musique"", ""orchestre"", ""grand, théâtre"", ""champagne"", ""musique""","""saxophone"", ""flûte"", ""clarinette"", ""musique"", ""instrument"", ""accord"", ""jazz""",,,,4,1,4,0,0,6,3,6,7,0,0,0
corail,"""mer"", ""pollution"", ""snorkeling"", ""mort"", ""poisson"", ""méduse"", ""algue"", ""soleil"", ""vacance""","""mer"", ""poisson"", ""vie, marine"", ""chauffement, climatique""","""multicellulaire"", ""vivant"", ""réchauffement""","""eau"", ""couleur""","""sou, marin"", ""aquatique"", ""végétal"", ""inanimé""","""poisson"", ""némo"", ""couleur"", ""mer"", ""océan"", ""plonger"", ""nager"", ""casser""","""océan"", ""australie"", ""danger"", ""fragile""","""fond, marin"", ""poisson"", ""exotique"", ""pêche"", ""natation"", ""plongée"", ""costume, de, plongée""","""corail"", ""fruit, de, mer"", ""mer"", ""océan"", ""requin"", ""plancton""","""ocean"", ""pollution"", ""beau"", ""muraill"", ""sirène"", ""etoile, de, mer""","""mer"", ""diving"", ""joli"", ""différent, couleur""","""mer"", ""beauté"", ""poisson"", ""vie""",9,4,3,2,4,8,4,7,6,6,4,4
cornemuse,"""écosser"", ""jupe"", ""quadrillage"", ""musique"", ""note, de, musique"", ""homme""","""musique"", ""écosser"", ""tradition""","""instrument, à, vent"", ""compliqué"", ""écosser"", ""folklorique"", ""spécial""",,,"""musique"", ""à, vent"", ""écosser"", ""irland"", ""jupe""","""musique"", ""écosser"", ""entraîner""","""musique"", ""dance"", ""instrument, national"", ""amusement"", ""fête""","""instrument"", ""turquie"", ""mer, noir"", ""culture""",,,"""juillet"", ""musique"", ""rituel"", ""tribu""",6,3,5,0,0,5,3,5,4,0,0,4
cymbale,"""musique"", ""rock"", ""batterie"", ""salle, de, musique"", ""note, de, musique""",,"""musique"", ""instrument"", ""tambour"", ""concert"", ""orchestre"", ""percussion""",,,"""musique"", ""batterie"", ""baguette"", ""charleston"", ""snare"", ""kick""","""musique"", ""bruit"", ""orchestre""","""musique"", ""batterie"", ""bâton"", ""rythme"", ""danser"", ""concert"", ""groupe""","""batteur"", ""drum"", ""whiplash""",,,"""musique"", ""orchestre"", ""concert"", ""conservatoire"", ""juillet"", ""ensemble""",5,0,6,0,0,6,3,7,3,0,0,6
decapsuleur,"""soirée"", ""bière"", ""alcool"", ""verre"", ""bar""","""bière"", ""vin"", ""soirée"", ""ambiance"", ""amusement"", ""boisson"", ""bourré"", ""coma""","""boisson"", ""alcool"", ""bière"", ""capsule""",,,"""ouvrir"", ""bière"", ""bouchon"", ""pointu"", ""rond"", ""trou""","""bière"", ""vin"", ""boisson"", ""force""","""boire"", ""bière"", ""fête"", ""samuser"", ""danser"", ""chanter"", ""boîte, de, nuit"", ""boire"", ""ivre""","""canette"", ""métallique"", ""aluminium"", ""bouchon"", ""capsule""","""bouteille"", ""bière"", ""verre"", ""alcool"", ""boisson""",,"""chirurgien"", ""opération"", ""hôpital"", ""médecin""",5,8,4,0,0,6,4,9,5,5,0,4
dindon,"""ferme"", ""bas, cour"", ""forêt"", ""bruit"", ""animal"", ""oiseau"", ""aile""","""oiseau"", ""nourriture"", ""bruit"", ""campagne""","""oiseau"", ""grand"", ""agressif"", ""noir""","""oiseau"", ""manger"", ""sandwich""",,"""thanksgiving"", ""amérique"", ""rôtir"", ""poulet""","""fête"", ""manger"", ""pas, beau"", ""plume"", ""crête""","""dinde"", ""sandwich"", ""four"", ""manger"", ""cuisiner"", ""assaisonner""",,"""noël"", ""géant"", ""repas"", ""oiseau"", ""paon"", ""grand""",,"""fermier"", ""poulet"", ""volaill"", ""rouge""",7,4,4,3,0,4,5,6,0,6,0,4
echenilloir,,,,,,,,,,,,,0,0,0,0,0,0,0,0,0,0,0,0
enclume,,,"""métal"", ""forger"", ""feu"", ""marteau"", ""forgeron""",,,,"""lourd"", ""fer"", ""noir"", ""moyen, âge""",,"""pois"", ""porter"", ""construction""","""pierre"", ""statue"", ""roche"", ""historique""",,"""fer"", ""appuyer""",0,0,5,0,0,0,4,0,3,4,0,2
entonnoir,,,,,,,,"""liquide"", ""couler"", ""chimie"", ""précision""","""conteneur"", ""filtrage"", ""tamisage"", ""trier""",,,,0,0,0,0,0,0,0,4,4,0,0,0
eolienn,,,,,,,,,,,,,0,0,0,0,0,0,0,0,0,0,0,0
epouvantail,"""corbeau"", ""champ"", ""blé"", ""amérique"", ""fermier"", ""tracteur""",,"""champ"", ""grain"", ""blé"", ""corbeau"", ""corvid"", ""peur"", ""horreur""",,,"""ferme"", ""countryside"", ""corbeau""","""champ"", ""peur""","""peur"", ""amusant"", ""habit"", ""foint"", ""champ""","""oiseau"", ""herbe"", ""haye"", ""champ"", ""tête"", ""mannequin""","""halloween"", ""effrayant"", ""octobre"", ""paille"", ""champ"", ""peur""","""halloween"", ""effrayant"", ""movie, roron""","""chasser, le, oiseau"", ""protéger, le, récolte"", ""halloween""",6,0,7,0,0,3,2,5,6,6,3,3
espadon,"""poisson"", ""épée"", ""mer"", ""algue"", ""étoile, de, mer"", ""soleil"", ""océan"", ""vacance""","""poisson"", ""mer"", ""eau"", ""micro, organisme"", ""vie, marine""","""poisson"", ""pêche"", ""fort"", ""rapide"", ""musculaire"", ""rare"", ""difficile""","""poisson"", ""nager"", ""eau""",,"""poisson"", ""thon"", ""baleine"", ""mère"", ""eau"", ""océan"", ""manger"", ""long""","""eau"", ""peche"", ""grand""","""poisson"", ""nager"", ""eau"", ""aquarium"", ""mer"", ""océan"", ""bateau"", ""poisson""","""poisson"", ""épée"", ""dragon"", ""prince"", ""princesse"", ""mario"", ""roi""","""poisson"", ""océan"", ""lac"", ""mer"", ""eau, doux""","""mer"", ""gris"", ""dangereal"", ""très, joli"", ""bateau""","""poisson"", ""mer"", ""chasser"", ""protection""",8,5,7,3,0,8,3,8,7,5,5,4
etrier,"""cheval"", ""équitation"", ""ferme"", ""enclore"", ""pâturage""",,"""cheval"", ""équitation"", ""contrôle"", ""virage""",,,,"""cheval"", ""vitesse"", ""monter""","""équitation"", ""cheval"", ""galop"", ""écurie"", ""bumb"", ""equipment, de, équitation""",,"""cheval"", ""sabot"", ""équitation"", ""animal"", ""ferme""",,"""chevalier"", ""cheval"", ""contest""",5,0,4,0,0,0,3,6,0,5,0,3
eventail,"""froid"", ""vent"", ""asie"", ""chaleur"", ""canicule"", ""geisha""","""vent"", ""chaleur"", ""être"", ""transpiration"", ""fatigue"", ""respiration""","""air"", ""être"", ""chaleur"", ""vent"", ""chine""",,,"""chaleur"", ""fraîcheur"", ""asie"", ""japon"", ""chine""","""chaud"", ""espagne"", ""asie"", ""couleur"", ""papier""","""chaleur"", ""être"", ""plage"", ""pratique"", ""élégant""",,"""chine"", ""empire"", ""aristocratie"", ""femme"", ""vent"", ""chaleur"", ""canicule""",,"""chine"", ""culture"", ""bouddhisme"", ""théâtre"", ""geisha""",6,6,5,0,0,5,5,5,0,7,0,5
extincteur,,,,,,,,"""incendie"", ""pompier"", ""camion, pompier"", ""secours"", ""feu"", ""combinaison""","""feu"", ""fumée"", ""mousse"", ""blanc"", ""chalet""",,"""feu"", ""pompier"", ""prévenir"", ""cant, find, word, sav""",,0,0,0,0,0,0,0,6,5,0,4,0
flasque,"""alcool"", ""alcoolisme"", ""vodka"", ""whisky"", ""addiction"", ""le, vieux""","""alcool"", ""bouteille"", ""apéro"", ""pêche"", ""bourré""",,,,"""alcool"", ""liquide"", ""brûler"", ""cacher"", ""métal"", ""ancien"", ""vieux""",,"""alcool"", ""cacher"", ""boire"", ""ivre"", ""danser"", ""samuser""","""conteneur"", ""eau"", ""alcool"", ""soirée"", ""boîte""","""parfum"", ""odeur"", ""homme"", ""chic""","""boisson"", ""froid"", ""pour, se, réchauffer""","""boisson"", ""alcoolique"", ""cacher"", ""boire""",6,5,0,0,0,7,0,6,5,4,3,4
fourmilier,"""fourmi"", ""fourmilière"", ""nourriture"", ""forêt, amazonien"", ""forêt"", ""animal"", ""insect""",,"""fourmi"", ""animal"", ""mammifère"", ""langue"", ""manger"", ""terre""",,,,"""animal"", ""poilu"", ""fourmi"", ""solitaire""",,,,,"""fourmi"", ""manger"", ""nourriture"", ""déplacer"", ""marché""",7,0,6,0,0,0,4,0,0,0,0,5
girouette,"""vent"", ""direction"", ""folie"", ""maison, ancien""","""nord"", ""sud"", ""être"", ""west"", ""direction"", ""coucher, de, soleil"", ""lever, de, soleil"", ""lumière""",,,,,,"""boussole"", ""être"", ""ouest"", ""nord"", ""sud"", ""direction"", ""fleche"", ""aller"", ""se, déplacer""",,,,"""vent"", ""direction"", ""bâtiment"", ""tour"", ""ville"", ""route""",4,8,0,0,0,0,0,9,0,0,0,6
gland,"""écureuil"", ""arbre"", ""automne"", ""feuille"", ""ecorce"", ""nourriture""","""écureuil"", ""arbre"", ""feuille"", ""automne"", ""frais""","""nature"", ""reproduction"", ""pollinisation"", ""arbre""",,,"""ice, age"", ""écureuil"", ""arbre"", ""printemps"", ""feuille""","""arbre"", ""écureuil""","""noix"", ""écureuil"", ""arbre"", ""new, york""","""noix"", ""cajou"", ""coco""","""écureuil"", ""arbre"", ""nature"", ""verdure"", ""nature""",,"""port"", ""forêt""",6,5,4,0,0,5,2,4,3,5,0,2
gong,"""méditation"", ""yoga"", ""asie"", ""bouddhisme"", ""temple""","""son"", ""fort""","""son"", ""percussion"", ""métal""",,,"""bruit"", ""cymbale"", ""taper"", ""lourd"", ""métal"", ""gris""",,,,,,"""chine"", ""appuyer"", ""plier"", ""son"", ""prière"", ""région""",5,2,3,0,0,6,0,0,0,0,0,6
gouvernail,"""bateau"", ""capitaine"", ""mer"", ""pirate"", ""barre""","""bateau"", ""mer"", ""capitaine"", ""voyage"", ""passager""",,,"""navigation"", ""mer"", ""bateau"", ""découverte"", ""pirate""","""voil"", ""bateau"", ""navire"", ""mère"", ""capitaine"", ""matelot""","""bateau"", ""voyage"", ""orientation"", ""bois""","""bateau"", ""volant"", ""direction"", ""aller"", ""pirate"", ""eau"", ""pirate""",,"""bateau"", ""expédition"", ""titanic"", ""commandant"", ""pirate"", ""expédition""",,"""capitaine"", ""bateau"", ""colombe"", ""moyen, âge""",5,5,0,0,5,6,4,7,0,6,0,4
guillotine,"""marier, antoinette"", ""france"", ""royauté"", ""mort"", ""décapitation"", ""monarchie""",,"""révolution"", ""exécution"", ""oppression"", ""terreur"", ""humilité""","""tête""","""exécution"", ""mort"", ""décapitement"", ""punition""","""tuer"", ""luire"", ""roi"", ""france"", ""révolution""","""moyen, âge"", ""crime"", ""spectacle""","""roi, de, france"", ""tête"", ""couper"", ""mal"", ""torture""","""mise, à, mort"", ""exécution"", ""tête"", ""décapitation"", ""mort""","""révolution, français"", ""histoire"", ""marier, antoinette""","""france"", ""punition"", ""temps, ancien"", ""finir""","""mort"", ""couper, le, tête"", ""moyen, âge"", ""france"", "" , siècle""",6,0,5,1,4,5,3,5,5,3,4,5
guirlande,,,,,,,,,,,,,0,0,0,0,0,0,0,0,0,0,0,0
hache,"""bois"", ""le, mort"", ""arbre"", ""forêt"", ""maison""","""bois"", ""travail"", ""transpiration"", ""mouvement"", ""forêt"", ""boire"", ""arbre"", ""feu"", ""chalet""","""bois"", ""urgence"", ""feu"", ""lourd""",,"""travail"", ""construction"", ""dangereux"", ""arme""","""couper"", ""bois"", ""animal, crossing"", ""printemps"", ""être"", ""automne"", ""hiver"", ""saison""","""bois"", ""couper"", ""forêt"", ""cheminée""","""couper"", ""bois"", ""pompier"", ""sauver"", ""chauffer"", ""feu"", ""maison""","""bois"", ""desessemblement"", ""blement"", ""tranche"", ""trancher"", ""tuer""","""halloween"", ""meurtre"", ""violence"", ""sang"", ""crime"", ""outil""","""taper"", ""très, lourd"", ""dangereal"", ""boit"", ""homme""","""couper"", ""bois"", ""cheminée"", ""odeur""",5,9,4,0,4,8,4,7,6,6,5,4
haltere,,,,,,,,,,,,,0,0,0,0,0,0,0,0,0,0,0,0
hamecon,"""pêche"", ""poisson"", ""australie"", ""mer"", ""pêche"", ""pêcheur"", ""poissonnerie""","""poisson"", ""pêche"", ""bord, de, lac"", ""bord, de, le, rivière"", ""rivière"", ""eau""","""poisson"", ""pêche"", ""ver"", ""attraper""",,,,,,,,,"""poisson"", ""pêche"", ""douleur"", ""nuire""",7,6,4,0,0,0,0,0,0,0,0,4
harmonica,,,"""vent"", ""grandpere""",,,"""instrument, à, vent"", ""métal"", ""gris"", ""acoustique""","""musique"", ""harmonieux"", ""enfant"", ""air""",,,,,"""musique"", ""jouer"", ""fête"", ""produire, de, le, musique""",0,0,2,0,0,4,4,0,0,0,0,4
heron,"""marais"", ""roseau"", ""grenouille"", ""libellule"", ""asie"", ""oiseau"", ""animal""","""pelican"", ""oiseau"", ""air"", ""voler"", ""oeuf""","""oiseau"", ""long, patte"", ""blanc"", ""jaune"", ""vol""",,,"""héron"", ""voler"", ""flamant, rose"", ""long"", ""bec"", ""blanc"", ""jaune""","""long"", ""bec"", ""blanc"", ""voyage""","""oiseau"", ""blanc"", ""bec"", ""patte"", ""voler"", ""champ""","""flamingo"", ""eau"", ""poisson"", ""lac"", ""nager"", ""voler""","""majestueux"", ""jambe"", ""long"", ""animal"", ""oiseau"", ""aile""",,"""fleuve"", ""poisson"", ""voler"", ""sable""",7,5,5,0,0,7,4,6,6,6,0,4
hyene,,,,,,,,,,,,,0,0,0,0,0,0,0,0,0,0,0,0
jante,"""roue"", ""voiture"", ""automobile"", ""mécano"", ""essence"", ""pneu""","""voiture"", ""caoutchouc"", ""route"", ""entretien"", ""argent"", ""coup"", ""taxe""",,,,"""rouler"", ""pneu"", ""voiture"", ""moto""","""voiture"", ""joli"", ""aluminium""","""roue"", ""voiture"", ""rouler"", ""accident"", ""volant"", ""permettre, de, conduire"", ""théorie""","""roue"", ""pneu"", ""voiture"", ""véhicule"", ""chemin"", ""avenue"", ""marathon""","""voiture"", ""mécanique"", ""instrument"", ""outil""","""roue"", ""voiture"", ""très, cher"", ""montage""","""rouler"", ""voiture"", ""route"", ""protection""",6,7,0,0,0,4,3,7,7,4,4,4
lama,,,,,,,,,,,,,0,0,0,0,0,0,0,0,0,0,0,0
litchi,"""bubbl, tea"", ""boisson"", ""fruit"", ""italie"", ""blanc""","""fruit"", ""bon"", ""sucrer"", ""alcool"", ""cidre"", ""dessert"", ""bon""","""fruit"", ""exotique"", ""thailand"", ""sucrer"", ""mango"", ""papaya""","""fruit"", ""manger"", ""boire"", ""saveur""",,"""bon"", ""tropical"", ""ramboutan"", ""fruit"", ""légume"", ""graine""","""fruit"", ""asiatique"", ""succulent"", ""juteux""","""jus"", ""boire"", ""vitamine"", ""fruit"", ""pomme"", ""poire"", ""banane"", ""fraise""","""fruit"", ""dragon"", ""fruit, de, mer""","""fruit"", ""bon"", ""sucrer"", ""exotique"", ""petit"", ""blanc"", ""visqueux""",,"""fruit"", ""exotique"", ""thailand"", ""sucrer"", ""mango"", ""papaya""",5,7,6,4,0,6,4,8,3,7,0,6
louche,,,,,,,,"""soupe"", ""cantine"", ""parascolaire"", ""vitamine"", ""manger"", ""boire"", ""pain""",,,,,0,0,0,0,0,0,0,7,0,0,0,0
loupe,,,,,,,,,,,,,0,0,0,0,0,0,0,0,0,0,0,0
lynx,"""montagne"", ""chat"", ""félin"", ""chasseur"", ""dent"", ""souris""","""hyene"", ""sauvage"", ""dangereux"", ""forêt"", ""afrique""","""poilu"", ""prédateur"", ""chaton"", ""félin""","""animal"", ""chat"", ""mignon"", ""oreille""","""chat"", ""animal"", ""sauvage"", ""félin"", ""prédateur""","""felin"", ""tigre"", ""lion"", ""savane"", ""forêt"", ""désert"", ""jungle""","""dent"", ""pointue"", ""collar"", ""chasse"", ""rapide""","""félin"", ""chat"", ""lion"", ""guépard"", ""panthère"", ""jaguar"", ""safari""","""sphinx"", ""chat"", ""tigre"", ""lion"", ""animal""","""félin"", ""suisse"", ""rare"", ""disparition"", ""petit"", ""beau""","""vicieux"", ""zoo, parc"", ""sauvage"", ""très, vite""","""chat"", ""felin"", ""oreille"", ""patte""",6,5,4,4,5,7,5,7,5,6,4,4
maraca,,,,,,,,"""danser"", ""chanter"", ""jouer, de, le, musique"", ""composer"", ""note, de, musique""",,,,,0,0,0,0,0,0,0,5,0,0,0,0
megaphone,"""foule"", ""manifestation"", ""bruit"", ""volume"", ""voix"", ""cri"", ""slogan""","""bruit"", ""ordre"", ""information"", ""police"", ""gendarmerie""","""son"", ""électronique"", ""américain"", ""manifestation""","""parler"", ""fort""","""manifestation"", ""haut, parleur"", ""crier""","""bruit"", ""parler"", ""manifestation"", ""entendre"", ""crier"", ""fort""","""bruit"", ""parler"", ""distance"", ""foule""","""annoncer"", ""fort"", ""crier"", ""entendre"", ""alerte"", ""alerter"", ""incendie"", ""accident""","""mégaphone"", ""haut, parleur"", ""audio"", ""son"", ""intensité"", ""réflexion""","""bruit"", ""politique"", ""foule"", ""voix"", ""discours""",,"""parler"", ""voix"", ""manifestation"", ""militant""",7,5,4,2,3,6,4,8,6,5,0,4
memetronome,"""musique"", ""piano"", ""touche, de, musique"", ""noir"", ""blanc"", ""partition""","""piano"", ""rythme"", ""son"", ""cours"", ""lesser"", ""musique"", ""plaisant""","""musique"", ""rythme"", ""tempo"", ""bpm""",,"""scientifique"", ""physique"", ""calcul"", ""observation"", ""précision""","""musique"", ""chiant"", ""instrument"", ""rapide"", ""long"", ""normal""",,,,,,"""musique"", ""piano"", ""jouer"", ""école"", ""solfeggio""",6,7,4,0,5,6,0,0,0,0,0,5
microscope,"""biologie"", ""cellule"", ""organisme, vivant"", ""école"", ""collège"", ""salle, de, laboratoir""","""science"", ""médecine"", ""cellule"", ""recherche""","""observation"", ""biologie"", ""medicine"", ""microscopique"", ""petit"", ""nanométrique"", ""forme, de, vie""","""médecine"", ""regarder"", ""bactérie"", ""observer"", ""expérience""","""scientifique"", ""petit"", ""observation"", ""échelle"", ""micro, organisme""","""observation"", ""insect"", ""plante"", ""sang"", ""verre""","""biologie"", ""neuron""","""chimie"", ""biologie"", ""analyse"", ""bactérie"", ""dessiner"", ""observer""","""bactérie"", ""cellule"", ""organisme"", ""virus"", ""lactobacille""","""science"", ""télescope"", ""recherche"", ""science"", ""scientifique""","""petit"", ""plus, grand"", ""microbe"", ""insect"", ""science""","""chercheur"", ""investiger"", ""chercher"", ""augmenter, le, vue""",6,4,7,5,5,5,2,6,5,5,5,4
morse,"""phoque"", ""bébé"", ""animal""","""eau"", ""froid""",,,"""sauvage""","""mer""","""alaska""",,,"""neige"", ""froid"", ""hiver"", ""température""",,"""nager""",3,2,0,0,1,1,1,0,0,4,0,1
mousqueton,"""escalade"", ""rocher"", ""salle, de, sport"", ""mur, de, grimper"", ""prise, de, grimpe"", ""harnais""",,,,,"""escalader"", ""corps""","""fer"", ""escalade""",,,"""vélo"", ""clé""","""fixer"", ""porter"", ""poussette"", ""sac""","""clé""",6,0,0,0,0,2,2,0,0,2,4,1
myrtill,"""tarte"", ""fruit"", ""saveur"", ""framboise""","""fruit"", ""petit, déjeuner"", ""cher""","""fruit"", ""tarte"", ""baie"", ""être""","""fruit"", ""manger"", ""bleu"", ""petit""","""fruit"", ""alimentation"", ""vitamine"", ""petit, déjeuner""","""vert"", ""bleu""","""baie"", ""couleur"", ""dessert""","""fruit"", ""vision"", ""banane"", ""fraise"", ""jus""","""bleu"", ""fruit, de, bois"", ""gazon"", ""herbe""","""fruit, rouge"", ""arbre"", ""forêt"", ""printemps""","""délicieux"", ""bon, pour, le, santé"", ""yogourt"", ""gâteau""","""alsace"", ""france"", ""bon, pour, le, oeil"", ""délicieux""",4,3,4,4,4,2,3,5,4,4,4,4
nenuphar,,,,,,,,"""grenouille"", ""eau"", ""fleur""",,,"""très"", ""joli"", ""différent, couleur"", ""eau""",,0,0,0,0,0,0,0,3,0,0,4,0
neon,"""boîte"", ""lumière"", ""salle, de, classe"", ""lumière, froid""","""lumière"", ""chambre"", ""blanc"", ""électricité"", ""gaz""","""gaz"", ""dangereux"", ""consommateur"", ""long""",,"""illumination"", ""lumière"", ""chambre"", ""nuit""","""lumière"", ""led"", ""nuit"", ""allumer"", ""maison"", ""extérieur""","""lumiere"", ""fragile"", ""consommation""","""lumière"", ""briller"", ""éclairer"", ""voir"", ""éteindre"", ""joli""","""bâton"", ""ultraviolet"", ""lumière"", ""mur""",,,"""rideau"", ""fenêtre"", ""lumière"", ""lampe""",4,5,4,0,4,6,3,6,4,0,0,4
ornithorynque,"""animal"", ""castor"", ""rivière"", ""ruisseau"", ""canard""","""perry, lornithorynqu"", ""dessin, animer"", ""phinéer, et, ferb"", ""agent, secret""","""animal"", ""poilu"", ""étrange"", ""nonnaturel""","""animal"", ""eau""","""animal"", ""hybride"", ""aquatique"", ""sauvage""","""plat"", ""bec"", ""bouche"", ""perry""","""australie"", ""eau"", ""timide"", ""bec"", ""fourrure""","""australie"", ""eau"", ""timide"", ""bec"", ""fourrure""",,,,"""fleuve"", ""faire, le, nid"", ""bois""",5,4,4,2,4,4,5,5,0,0,0,3
paon,,,,,,,,"""joli"", ""zoo"", ""merveilleux"", ""beau""",,,,,0,0,0,0,0,0,0,4,0,0,0,0
papaye,"""fruit"", ""jungle"", ""pays, étranger""","""fruit"", ""sucrer"", ""délicieux"", ""exotique"", ""sain""","""tropical"", ""graine"", ""mou""","""fruit"", ""gout"", ""manger""","""fruit"", ""nutrition"", ""vitamine"", ""dessert""","""bon"", ""graine"", ""orange"", ""asie"", ""amérique, latin""","""exotique"", ""gout"", ""rouge""","""fruit"", ""paradisiaque"", ""ile"", ""profiter"", ""vacance"", ""être""","""exotic"", ""fruit"", ""mexiqu"", ""tropical""","""exotique"", ""fruit"", ""bon"", ""palmier""","""sucre"", ""thaïland"", ""pas, délicieux, de, tout"", ""fruit, très, grand""","""fruit, exotique"", ""thaïland"", ""jus"", ""chaud"", ""soleil""",3,5,3,3,4,5,3,6,4,4,4,5
partition,,,,,,,,"""musique"", ""note"", ""solfège"", ""clé, de, sol"", ""cler, de, fa"", ""piano"", ""spectacle""","""note"", ""accord"", ""echelle"", ""octave""",,"""note"", ""musique"", ""piano"", ""jouer"", ""mozart"", ""difficile""",,0,0,0,0,0,0,0,7,4,0,6,0
pelican,"""dessin, animé"", ""poisson"", ""nourriture"", ""oiseau"", ""mer"", ""vent""","""oiseau"", ""poisson"", ""nourriture"", ""mer"", ""nemo""","""transport"", ""grand"", ""courageux"", ""plume"", ""orange""","""oiseau"", ""eau""",,"""grand, bec"", ""nemo"", ""voler"", ""blanc"", ""eau""","""bec"", ""eau"", ""poisson"", ""pêche""","""oiseau"", ""voler"", ""pigeon""","""voler"", ""eau"", ""rivière"", ""poisson"", ""arbre"", ""forêt""","""bec"", ""gros"", ""animal"", ""oiseau"", ""bruit"", ""désagréable""","""grand"", ""pas, dangereux"", ""poisson""","""poisson"", ""gorge"", ""bec"", ""manger""",6,5,5,2,0,5,4,3,6,6,3,4
phacochere,"""le, roi, lion"", ""lion"", ""savane"", ""lémurien"", ""soleil"", ""cochon""",,,,,"""simber"", ""roi, lion"", ""pumbaa"", ""chanter"", ""savane"", ""afrique""","""roi, lion"", ""corne"", ""sauvage""","""sanglier"", ""corne"", ""animal"", ""gris"", ""sabot"", ""quatre, patte"", ""courir"", ""danger""","""animal"", ""sauvage"", ""bois"", ""forêt"", ""cochon""",,,"""animal"", ""safari"", ""afrique""",6,0,0,0,0,6,3,8,5,0,0,3
piolet,,,"""grimper, sur, glace"", ""compétition"", ""accrochage"", ""pointu"", ""ergonomique""",,,"""grimper"", ""avalanche"", ""neige"", ""saccrocher"", ""pointu""",,,,,,"""jardin"", ""bricoler"", ""instrument""",0,0,5,0,0,5,0,0,0,0,0,3
pipette,"""chimie"", ""biologie"", ""expérience"", ""laboratoire"", ""liquide"", ""instrument""","""laboratoir"", ""médecine"", ""recherche"", ""cellule"", ""solution""","""mesurer"", ""médicament"", ""scientifique"", ""médecine"", ""petit, quantité""","""mesure"", ""mesurer"", ""expérience"", ""séance"", ""chimie"", ""substance""",,"""eau"", ""aspirer"", ""goutte"", ""médicament"", ""beau""","""experience"", ""goutelette"", ""aspiration"", ""biologie""","""chimie"", ""mesurer"", ""millilitre"", ""précision"", ""blous"", ""lunette"", ""attention""",,,"""goutte"", ""oreille"", ""nez"", ""misurer"", ""médicament"", ""médecin""","""médecin"", ""analyse"", ""sang"", ""hôpital"", ""infirmier""",6,5,5,6,0,5,4,7,0,0,6,5
poireau,,,,,,,,,,,,,0,0,0,0,0,0,0,0,0,0,0,0
racloir,"""nettoyage"", ""soirée"", ""maison, de, vacance"", ""propreté""",,"""serpillière"", ""nettoyage"", ""propreté"", ""sol"", ""produit""",,,"""nettoyer"", ""balai""","""vitre"", ""propreté"", ""eau"", ""mousse""",,,,,,4,0,5,0,0,2,4,0,0,0,0,0
raie,"""mer"", ""électricité"", ""snorkeling"", ""sable"", ""algue"", ""vacance"", ""soleil""","""mer"", ""poisson"", ""baleine"", ""requin"", ""eau"", ""corail"", ""bleu""","""danger"", ""poisson"", ""plat"", ""seul, marin""",,"""océan"", ""animal"", ""aquatique"", ""sauvage"", ""dangereux""","""plat"", ""long"", ""queue""","""eau"", ""grand"", ""joli""","""nager"", ""eau"", ""électricité"", ""plat"", ""poisson"", ""mer"", ""océan""",,"""maldive"", ""océan"", ""dangereux"", ""néfaste"", ""plat""","""mer"", ""eau"", ""saler"", ""joli""",,7,7,4,0,5,3,3,7,0,5,4,0
rateau,,,,,,,,"""jardiner"", ""jardin"", ""planter"", ""herbe"", ""fleur"", ""pelle""",,,,,0,0,0,0,0,0,0,6,0,0,0,0
remorque,"""vélo"", ""porter"", ""voiture"", ""caravane"", ""camping""","""bagage"", ""route"", ""voiture"", ""permettre"", ""conduire"", ""volant""","""attachement"", ""transport"", ""addition"", ""deux, roue""",,,"""voiture"", ""lourd"", ""derrière"", ""suivre"", ""attacher""",,,"""remorque"", ""voiture"", ""caravane"", ""camionnette""","""voiture"", ""permettre"", ""autoroute"", ""transport""",,,5,6,4,0,0,5,0,0,4,4,0,0
rhinocero,,,,,,,,"""corne"", ""zoo"", ""safari"", ""animal"", ""gris"", ""quatre, patte"", ""courir""","""t, re""",,,,0,0,0,0,0,0,0,7,1,0,0,0
sablier,"""temps"", ""sable"", ""jeu, de, société"", ""jeu, de, carte"", ""le, temps, qui, passer""","""temps"", ""passer"", ""présent"", ""futur"", ""minute"", ""second"", ""heure""","""temps"", ""sable"", ""antiquité"", ""grèce"", ""rome"", ""évaluation""","""temps"", ""passage""","""temps"", ""second"", ""attent""","""temps"", ""chronomètre"", ""changer"", ""renverser""","""sable"", ""temps"", ""jeu"", ""rapidité""","""temps"", ""sable"", ""jeu, de, société"", ""famille"", ""amusement"", ""rigoler"", ""temps"", ""cest, cool""","""temps"", ""indéterminable"", ""imprédictible""","""temps"", ""aladin"", ""sable"", ""horloge""",,"""bain"", ""spa"", ""therm"", ""brosser, le, dent"", ""compter""",5,7,6,2,3,4,4,8,3,4,0,5
salopette,,,,,,,,"""combinaison"", ""travail"", ""peindre"", ""se, salir"", ""peinture"", ""bricolage""",,,"""bébé"", ""garçon"", ""être"", ""temps, très, chaud"", ""léger""",,0,0,0,0,0,0,0,6,0,0,5,0
sanglier,"""fox, terrier"", ""chasse"", ""forêt"", ""cochon"", ""phacochère""","""forêt"", ""cochon"", ""porc"", ""nourriture"", ""plat"", ""noël""","""brutal"", ""poilu"", ""cochon"", ""sauvage""",,,"""cochon"", ""porcinet"", ""sauvage"", ""brun"", ""petit"", ""grand""","""forêt"", ""truffe"", ""sale"", ""dangereux"", ""poilu""","""astérix"", ""obélix"", ""grillade"", ""manger"", ""animal"", ""courir"", ""sabot""","""cochon"", ""animal"", ""forêt""","""porc"", ""viande"", ""sauvage"", ""proie""",,"""marron"", ""forêt"", ""dangereux"", ""chasser"", ""bois""",5,6,4,0,0,6,5,7,3,4,0,5
sarcophage,"""égypte"", ""pyramide"", ""sable"", ""chaleur"", ""cléopâtre"", ""momie"", ""tombeau""","""sarcophage"", ""pharaon"", ""egypte"", ""sphinx"", ""vieux"", ""ancier""","""tombe"", ""rite, funéraire"", ""égypte"", ""décoration"", ""or""","""égypte""","""égypte"", ""histoire"", ""passer"", ""antique""","""égypte"", ""momie"", ""nile"", ""riviere"", ""pharaon""",,"""pyramide"", ""égypte"", ""découvrir""","""momie"", ""égypte"", ""décoration"", ""ornement"", ""sacrifice""","""égypte"", ""toutankhamon"", ""pyramide"", ""histoire"", ""sacrer"", ""riche"", ""civilisation"", ""or""","""pharaon"", ""momie"", ""égypte"", ""ancien"", ""très, riche"", ""or""","""égypte"", ""cadavre"", ""pyramide""",7,6,5,1,4,5,0,3,5,8,6,3
saxophone,"""instrument, de, musique"", ""jazz"", ""or"", ""musique"", ""note, de, musique""","""musique"", ""instrument"", ""groupe, de, musique"", ""son""","""instrument"", ""cuivre"", ""jazz"", ""nouveau, orléans"", ""groove""",,"""musique"", ""orchestre"", ""artiste"", ""musicien""","""à, vent"", ""instrument"", ""flûte"", ""guitare"", ""violon""","""musique"", ""concert"", ""melodie"", ""bruit""","""musique"", ""danser"", ""note, de, musique"", ""partition"", ""piano"", ""flûte, à, bec"", ""concert"", ""solfège""","""jazz"", ""musique"", ""accord"", ""flûte"", ""clarinette""","""instrument, de, musique"", ""beau"", ""or""",,"""musique"", ""chanter"", ""concert"", ""conservatoire"", ""musicien"", ""philharmonique""",5,4,5,0,4,5,4,8,5,3,0,6
scaphandr,"""mer"", ""océan"", ""plongée"", ""sou, marin"", ""découverte"", ""trésor""","""mer"", ""poisson"", ""vie, marine""","""scaphandr"", ""plongée"", "" , siècle"", ""exploration"", ""protection"", ""métal"", ""pression""",,,,"""plongée"", ""lourd"", ""immersion"", ""expérience""","""nager"", ""mer"", ""espace"", ""youri, gagarin""",,"""sou, marin"", ""eau"", ""mer"", ""expédition""",,"""sou, marinier"", ""expédition"", ""investiger""",6,3,7,0,0,0,4,4,0,4,0,3
sceptre,"""royauté"", ""pouvoir"", ""or"", ""argent"", ""richesse"", ""monarchie""",,"""royauté"", ""clergé"", ""fonction"", ""arme"", ""guerre"", ""statut, social""",,,,,"""roi"", ""reine"", ""couronne"", ""gouverner"", ""princesse"", ""prince""",,"""roi"", ""famille, royal"", ""très, cher"", ""or""",,"""pouvoir"", ""état""",6,0,6,0,0,0,0,6,0,4,0,2
scorpion,"""tatouage"", ""signe, astrologique"", ""insect"", ""animal"", ""sable"", ""désert""","""horoscope"", ""zodiaque"", ""animal"", ""poison"", ""pincement"", ""dangereux"", ""plage""","""vénéneu"", ""arthropod"", ""insect"", ""dangereux"", ""sable"", ""desert""","""animal"", ""dangereux"", ""piqûre"", ""desert""","""dangereux"", ""animal"", ""insect"", ""désert""","""dangereux"", ""pied"", ""noir"", ""foncé"", ""cool""","""morsure"", ""piqûre"", ""mort"", ""dangereux"", ""petit"", ""poison""","""signe, de, zodiaque"", ""novembre"", ""nager"", ""eau"", ""signe, deau""","""lion"", ""animal"", ""sauvage"", ""afrique"", ""arbre""","""dangereux"", ""pouvoir, tuer"", ""egypte"", ""sonde""","""signe, astrologique"", ""dangereux"", ""poison"", ""toxique""","""sarah"", ""sable"", ""chaud"", ""dangereux"", ""piqu""",6,7,6,4,4,5,6,5,5,4,4,5
secateur,"""jardinerie"", ""grand, mère"", ""buisson"", ""fleur"", ""rose"", ""piquant""","""arbre"", ""branche"", ""feuille"", ""plante"", ""soin"", ""jardin""",,,"""travail"", ""construction"", ""ménage"", ""maison""","""plante"", ""couper"", ""cultiver"", ""terre"", ""hobby"", ""jardin""","""jardin"", ""plante"", ""force"", ""être""","""couper"", ""buisson"", ""rose"", ""jardiner"", ""râteau"", ""pelle"", ""planter"", ""joli"", ""bel, fleur""","""pince"", ""opération"", ""bois"", ""construction"", ""desassemblemer""","""construction"", ""bricolage"", ""outil"", ""technique"", ""homme""","""fleur"", ""très, sharp"", ""jardin""","""bois"", ""couper"", ""jardinier"", ""rose""",6,6,0,0,4,6,4,9,5,5,3,4
seringue,"""médecine"", ""drogue"", ""hôpital"", ""addiction"", ""maladie"", ""vaccin""","""solution"", ""médecin"", ""assister"", ""hôpital"", ""cabinet""","""médical"", ""injection"", ""compression"", ""liquide""","""médecine"", ""mesurer"", ""médicament"", ""liquide"", ""science"", ""expérience""","""médical"", ""opération"", ""injection"", ""drogue"", ""médicament""","""injection"", ""liquide"", ""médicament"", ""docteur"", ""médecin"", ""jouet"", ""enfant""","""médecin"", ""douleur"", ""maladie""","""médicament"", ""drogue"", ""hôpital"", ""malade"", ""urgence""","""injection"", ""covid"", ""acide"", ""anticorp""",,,"""infirmier"", ""analyse"", ""sang"", ""prendre"", ""douleur""",6,5,4,6,5,7,3,5,4,0,0,5
soufflet,,,"""forgeron"", ""enclume"", ""feu"", ""air"", ""chaud"", ""travailler""",,,,"""souffle"", ""cheminée"", ""vent""",,,,,"""feu"", ""incendie"", ""cheminet""",0,0,6,0,0,0,3,0,0,0,0,3
spatule,"""cuisine"", ""crêpe"", ""oeuf"", ""remuer"", ""poêle""","""spatule"", ""nourriture"", ""repas"", ""matin, midi, soir"", ""snack"", ""grignotage"", ""de, oeuf, au, plat""","""cuisine"", ""retourner""",,"""cuisine"", ""manger"", ""chef"", ""alimentation""","""cuisiner"", ""variété"", ""frire"", ""plastique"", ""métal""","""cuisine"", ""bois"", ""viande""","""cuisiner"", ""plaqu, de, cuisson"", ""steak, hacher""","""cuisiner"", ""faire, à, manger"", ""table""","""cuisine"", ""plat"", ""service"", ""manipulation""",,"""manger"", ""chef"", ""cuisine"", ""poêle"", ""frire""",5,7,2,0,4,5,3,3,3,4,0,5
stethoscope,,,,,,,,"""médecin"", ""pédiatre"", ""malade"", ""vérifier"", ""étude"", ""poids"", ""bon, santé"", ""dossier, médical""","""médecin"", ""cancer"", ""cellule"", ""bactérie"", ""virus"", ""battement, de, cœur"", ""rythme""",,,,0,0,0,0,0,0,0,8,7,0,0,0
tambourin,"""musique"", ""rythmique"", ""école, enfantin"", ""enfant"", ""bruit""","""musique"", ""groupe"", ""son"", ""ambiance"", ""amusement""","""instrument"", ""percussion"", ""petit, cymbale"", ""fête"", ""carnaval"", ""cirque""",,"""musique"", ""performance"", ""orchestre"", ""artiste"", ""chanson""","""bruit"", ""cymbale"", ""musique"", ""batterie"", ""métronome"", ""enfant""","""musique"", ""enfance"", ""jouer""","""musique"", ""salle, de, rythmique"", ""prof, de, musique"", ""danser"", ""rythme"", ""chanter""","""percussion"", ""batteur""","""le, bossu, de, notre, dame"", ""cathedral"", ""instrument, de, musique"", ""son""",,"""jouer"", ""musique"", ""carnaval"", ""concert""",5,5,6,0,5,6,3,6,2,4,0,4
tapir,,,"""animal"", ""afrique"", ""ongulide""",,"""animal"", ""sauvage"", ""afrique"", ""savane""",,,"""animal"", ""brun"", ""exotique"", ""quatre, patte""",,"""animal"", ""odeur"", ""foret"", ""verdure"", ""proie""",,"""animal"", ""fourmi""",0,0,3,0,4,0,0,4,0,5,0,2
taureau,,,,,,,,"""signe, de, zodiaque"", ""mai"", ""bouc""","""animal"", ""vache"", ""rouge"", ""sang""",,,,0,0,0,0,0,0,0,3,4,0,0,0
telescope,"""lune"", ""étoile"", ""astronomie"", ""astrophysique"", ""cosmologi"", ""astrologie""","""espace"", ""étoile"", ""planète"", ""astronaute"", ""rocket""","""étoile"", ""physique"", ""trou, noir"", ""constellation"", ""observation"", ""astrophysique"", ""astronomie"", ""observatoire""","""regarder"", ""ciel"", ""étoile""","""astronomie"", ""observation"", ""scientifique"", ""calcul"", ""distance""","""observation"", ""lune"", ""soleil"", ""etoile"", ""nuit"", ""photograph""","""planète"", ""vue"", ""grand"", ""univers""","""télescope"", ""étoile"", ""étoile, filant"", ""soleil"", ""signe, de, zodiaque"", ""constellation""","""univers"", ""planète"", ""soleil"", ""jupiter"", ""neptun"", ""uranu"", ""étoile"", ""inconnu""","""astronaute"", ""étoile"", ""univers"", ""galaxie"", ""expédition"", ""découverte"", ""nature""","""étoile"", ""espace"", ""regarder"", ""très, joli"", ""romantique""","""nuit"", ""étoile"", ""voir"", ""chercher"", ""observatoire"", ""astronomie""",6,5,8,3,5,6,4,6,8,7,5,6
tendeur,,,,,,"""tendeur"", ""corde"", ""tenir"", ""attacher"", ""élastique"", ""pliable""",,"""attacher"", ""lier"", ""métal"", ""tissu""",,,,"""drapeau"", ""accrocher"", ""bâtiment""",0,0,0,0,0,6,0,4,0,0,0,3
theiere,,,,,,,,,,,,,0,0,0,0,0,0,0,0,0,0,0,0
tirebouchon,,,,,,,,,,,,,0,0,0,0,0,0,0,0,0,0,0,0
totem,"""indien"", ""aigle"", ""animal"", ""nature"", ""esprit"", ""dieu"", ""feu, de, camp"", ""teepee"", ""amérique""","""religion"", ""ancien"", ""histoire"", ""dieu""","""scout"", ""rituel"", ""indien"", ""naturel"", ""bois""",,"""religion"", ""rituel"", ""sacrifice""","""statue"", ""indien"", ""bois"", ""brun"", ""feu""","""indien"", ""bois"", ""structure""","""feu"", ""bois"", ""sculpté"", ""couteau""",,"""aztèque"", ""maya"", ""amérique, latin"", ""histoire"", ""monument"", ""statue"", ""emblème""",,"""religion"", ""croir"", ""symbole""",9,4,5,0,3,5,3,4,0,7,0,3
tringle,,,,,,,,"""rideau"", ""cacher"", ""fermer"", ""ouvrir"", ""luminosité"", ""soleil"", ""chambre"", ""pièce, salon"", ""laver""",,,"""rideau"", ""barre"", ""fenêtre"", ""maison""","""régler""",0,0,0,0,0,0,0,9,0,0,4,1
tripied,"""photo"", ""appareil, photo"", ""image"", ""film"", ""cinéma""","""trépied"", ""caméra"", ""photo"", ""paysage"", ""forêt"", ""coucher, de, soleil"", ""couleur"", ""maman"", ""souvenir""","""caméra"", ""stabilité"", ""filmer"", ""gyroscope""",,"""caméra"", ""photographie"", ""stabilité"", ""optique""","""photographie"", ""stabilité"", ""pied"", ""trois""","""photo"", ""balance"", ""pied""","""photo"", ""vidéo"", ""précision"", ""stabilité"", ""film"", ""trois"", ""pied""","""cinéma"", ""prise"", ""photographie"", ""scène"", ""hollywood""","""photographie"", ""caméra"", ""appareil"", ""art"", ""soutien"", ""maintien""",,"""mésure"", ""géologue"", ""architecte"", ""bâtiment"", ""hauteur"", ""distance""",5,9,4,0,4,4,3,7,5,6,0,6
tronconneuse,,,,,,,,"""massacre, à, le, tronçonneuse"", ""film, dhorreur"", ""peur"", ""courir"", ""horreur"", ""pas, dormir"", ""nuit, blanc""","""désassembler"", ""miette"", ""partie"", ""pièce"", ""tranche""",,,,0,0,0,0,0,0,0,7,5,0,0,0
truelle,,,,,,,,,,,,,0,0,0,0,0,0,0,0,0,0,0,0
violon,,,,,,,,,,,,,0,0,0,0,0,0,0,0,0,0,0,0
xylophone,,,,,,,,"""xylophone"", ""musique"", ""cours, de, musique"", ""cycle"", ""groupe, de, musique"", ""prof, de, musique""","""instrument"", ""musical"", ""bruit"", ""être"", ""perturber""",,,,0,0,0,0,0,0,0,6,5,0,0,0
