word,number,S7,S12,S15,S21,S22,S23,S30,S34,S57,S64,S65,S67,,,
abeille,1,miel,/ Instr.,ruche,miel,/ Instr.,/ Instr.,voler,/ Instr.,voler,miel,miel ,,,,
abeille,2,ruche,,miel,ruche,,,jeune,,miel,arbre,nature,,,,
abeille,3,reine,,bourdon,fleur,,,noir,,guêpe,erbe,reine,,,,
abeille,4,chemin,,,pollinisation,,,miel ,,piquer,,,,,,
abeille,5,,,,,,,ruche,,faire mal,,,,,,
abeille,6,,,,,,,,,,,,,,,
abeille,7,,,,,,,,,,,,,,,
abeille,8,,,,,,,,,,,,,,,
abeille,9,,,,,,,,,,,,,,,
abeille,10,,,,,,,,,,,,,,,
accordéon,1,musique ,musique,musique,musique,,musique, ?,musique ,musique,instrument,tramway,instrument medicale - musical,,,
accordéon,2,danse,bars,Rome,rue,,traditionel,musique,difficile,danser,musique,musique,musique,,,
accordéon,3,ballet,bus,vol,folklore,,performance,chiant,?,piano,guitar,paris,fribourg,,,
accordéon,4,russie,partition,argent,difficile,,artiste,bruit,bouton ,air,piano,romantique,chanson,,,
accordéon,5,lac de cygnes,,,rouge,,chanson,pas jolie,rouge,son,guitar electrique,instrument,français,,,
accordéon,6,,,,air,,,,,entendre,clavier,musique,,,,
accordéon,7,,,,,,,,,ecouter,,son,,,,
accordéon,8,,,,,,,,,,,melodieux,,,,
accordéon,9,,,,,,,,,,,,,,,
accordéon,10,,,,,,,,,,,,,,,
agrafe,1,presse,feuille,papier,paquet,,papier,feuille,?,agrafer,,,,,,
agrafe,2,papier,ecole,travaux,document,,document,emprimer,papier,document,,,,,,
agrafe,3,scolaire,devoirs,emprimente,agrafer,,travail,papier,machine,garder,,,,,,
agrafe,4,cancellerie,stylo,photocopieuse,ressembler,,,gris,faire,propre,,,,,,
agrafe,5,,agrafeuse, ,maintenir,,,mal,bruit,classer,,,,,,
agrafe,6,,ciseaux,,,,,douleur,,,,,,,,
agrafe,7,,,,,,,,,,,,,,,
agrafe,8,,,,,,,,,,,,,,,
agrafe,9,,,,,,,,,,,,,,,
agrafe,10,,,,,,,,,,,,,,,
anguille,1,mer,electricité,,poisson,,,electrique,glissant,nager,serpent,,eau,,,
anguille,2,dessin animé de Disney,snorkeling,,long,,,Japon,grand,manger,mer,,riviere,,,
anguille,3,,mer,,ondulation,,,bon,noir,chasser,fruit de mer,,mer,,,
anguille,4,,ocean,,noir,,,manger,haut,poisson,,,,,,
anguille,5,,corail,,visqueux,,,sushi,,griller,,,,,,
anguille,6,,poissons,,,,,riz,,asaisoné,,,,,,
anguille,7,,,,,,,,,,,,,,,
anguille,8,,,,,,,,,,,,,,,
anguille,9,,,,,,,,,,,,,,,
anguille,10,,,,,,,,,,,,,,,
arbalète,1,guerre,le film Rebel,,?,,guerre,,flèche,tirer,arc,moyen age,,,,
arbalète,2,moyen age,chasse,,armure,,combat,,guerre,tuer,fleche,defense,,,,
arbalète,3,bataille,chasseurs,,moyen age,,dangereux,,moyen age,chasser,tirer,combat,,,,
arbalète,4,soldat,fusils,,cruel,,mort,,bois,manger,cible,bataille,,,,
arbalète,5,,armes,,destructeur,,blesser,,,fourrure,chasser,fleche,,,,
arbalète,6,,tire à l'arc,,dur,,tuer,,,,,Narnia,,,,
arbalète,7,,,,,,,,,,,,,,,
arbalète,8,,,,,,,,,,,,,,,
arbalète,9,,,,,,,,,,,,,,,
arbalète,10,,,,,,,,,,,,,,,
artichaut,1,,,,,,,,,,,,,,,
artichaut,2,,,,,,,,,,,,,,,
artichaut,3,,,,,,,,,,,,,,,
artichaut,4,,,,,,,,,,,,,,,
artichaut,5,,,,,,,,,,,,,,,
artichaut,6,,,,,,,,,,,,,,,
artichaut,7,,,,,,,,,,,,,,,
artichaut,8,,,,,,,,,,,,,,,
artichaut,9,,,,,,,,,,,,,,,
artichaut,10,,,,,,,,,,,,,,,
asperge,2,,vert,salade,poisson,vegetale,vegetale,legume,vert,asaisoner,,salade,verdure,,,
asperge,3,,cuisine,santé,vert,vert,sain,puer,sauce,manger,,bon,verte,,,
asperge,4,,huil,vert,long,cuisiner,nutrition,pipier,,avec une sauce,,santé,vapeur,,,
asperge,5,,couteaux,croquant,,,,long,,vapeur,,,,,,
asperge,6,,fourchettes,delicieux,,,,mayonnaise,,vitamine,,,,,,
asperge,7,,verres,,,,,bon,,,,,,,,
asperge,8,,assiettes,,,,,,,,,,,,,
asperge,9,,,,,,,,,,,,,,,
asperge,10,,,,,,,,,,,,,,,
autruche,1,nid,sable,animaux,oiseau,,afrique,rapide,plume,tête,oiseau,tête ,peut juste courir,,,
autruche,3,courir,ailes,jardin botanique,aggressif,,sauvage,grand,dangereux,caché,ail,cou,tres vite,,,
autruche,4,?,plumes,sauvage,plume,,zoo park,un oeuf,vite,courir,ciel,animal,,,,
autruche,5,,les œufs,des oeufs,rapide,,,,,,nuage,terre,,,,
autruche,6,,grand,,,,,,,,montagne,protection,,,,
autruche,7,,courire / course,,,,,,,,,,,,,
autruche,8,,vite,,,,,,,,,,,,,
autruche,9,,,,,,,,,,,,,,,
autruche,10,,,,,,,,,,,,,,,
auvent,1,proteger l'entree,,/,,,,,,hotel,parapluie,protection,,,,
auvent,2,porte d'entree,,,,,,,,pluie,soleil,soleil,,,,
auvent,4,vent,,,,,,,,cache,jupiter,,,,,
auvent,5,soleil,,,,,,,,restaurant,mars,,,,,
auvent,6,,,,,,,,,,,,,,,
auvent,7,,,,,,,,,,,,,,,
auvent,8,,,,,,,,,,,,,,,
auvent,9,,,,,,,,,,,,,,,
auvent,10,,,,,,,,,,,,,,,
banjo,1,musique,,,instrument,,,instrument,,,,instrument musique,,,,
banjo,2,chanteur,,,musique,,,guitar,,,,son,,,,
banjo,3,fête,,,Etats-Unis,,,violon,,,,vibration,,,,
banjo,4,,,,Lousiane,,,accorde,,,,guitar,,,,
banjo,5,,,,,,,acoustique,,,,,,,,
banjo,6,,,,,,,,,,,,,,,
banjo,7,,,,,,,,,,,,,,,
banjo,8,,,,,,,,,,,,,,,
banjo,9,,,,,,,,,,,,,,,
banjo,10,,,,,,,,,,,,,,,
baudrier,1,enfant,harnet,,grimpe,,,escalader,,escalade,escalade ,enfant,,,,
baudrier,2,jeu,escalade,,grimper ,,,protection,,moniteur d'escalade,protection,bebe,,,,
baudrier,3,escalier,grimpe,,securité,,,grimper,,arbre,chute,dos,,,,
baudrier,4,escalade,saut,,,,,cirque,,accrobranche,parachute,promenade,,,,
baudrier,5,randonnée,hauter,,,,,stunts,,sport,grimper,,,,,
baudrier,6,,danger,,,,,,,nature,prise,,,,,
baudrier,7,,sport,,,,,,,dehor,,,,,,
baudrier,8,,,,,,,,,,,,,,,
baudrier,9,,,,,,,,,,,,,,,
baudrier,10,,,,,,,,,,,,,,,
bouclier,1,epaule,,,armure,,,guerre,guerre,proteger,protection,armure,,,,
bouclier,2,bataille,,,épée,,,moyen age,protection,guerre,épée,épée,,,,
bouclier,3,guerre,,,marteau,,,épée ,bois,épée,dragon,moyen age,,,,
bouclier,4,,,,moyen age,,,protection,moyen age,se battre,prince,chevalier,,,,
bouclier,5,,,,,,,violence,,proteger ,princesse,combat,,,,
bouclier,6,,,,,,,,,sabre,bataille,protection,,,,
bouclier,7,,,,,,,,,,meurtre,,,,,
bouclier,8,,,,,,,,,,,,,,,
bouclier,9,,,,,,,,,,,,,,,
bouclier,10,,,,,,,,,,,,,,,
boulier,1,conter,math,,matematique,,,calcule,,des billes,,,,,,
boulier,2,enfant,enfance,,grece,,,chine,,calculer,,,,,,
boulier,3,jeux,jeux,,antique,,,math,,math,,,,,,
boulier,4,chiffre,equations,,vieux,,,boules,,couleur,,,,,,
boulier,5,,additions,,conter à la main,,,statistique,,dis ,,,,,,
boulier,6,,finance,,,,,,,classer,,,,,,
boulier,7,,,,,,,,,faire des calcules,,,,,,
boulier,8,,,,,,,,,,,,,,,
boulier,9,,,,,,,,,,,,,,,
boulier,10,,,,,,,,,,,,,,,
calamar,1,fruits de mer,mer,mer,ocean,,,frits,ocean,manger,,crevettes,delicieux,,,
calamar,2,manger,pulpe,poisson,profond,,,mediterannee,tentacules,salade,,fruits de mer,gris,,,
calamar,3,odeur de mer,medues,coraux,nocturne,,,ocean,manger,nager,,nouritture,soupe,,,
calamar,4,salé,poisson,vie marine,geant,,,grand,,poisson,,eau salée,pommes de terre,,,
calamar,5,poisson ,nouritture,,tentacules,,,petit,,ocean,,ocean,mer,,,
calamar,6,ocean,citron,,,,,rose,,mer,,,,,,
calamar,7,,alghes,,,,,brun,,sel,,,,,,
calamar,8,,soleil,,,,,,,,,,,,,
calamar,9,,,,,,,,,,,,,,,
calamar,10,,,,,,,,,,,,,,,
cameleon,1,amazonie,changer de couleur,couleur,animal,animal,animal,changer,collard,changer de couleur,couleur,couleur,change de couleur,,,
cameleon,2,savanne,reponse - le film,nature,camouflage,camouflage,couleur,camoufler,trident,couleur,changement,langue,tropical,,,
cameleon,3,chaud,animaux,foret,lézard,couleur,camouflage,langue,changement,s'adapter,adaptation,camouflage,tres rare,,,
cameleon,4,change le couleur,foret,arbre,insectivor,arbre,sauvage,insect,langue,arbre,foret,protection,etrange,,,
cameleon,5,,couleurs,feuille,,,amical,couleur,,environment,,yeux,,,,
cameleon,6,,,mouche,,,,bois,,animal,,coloré,,,,
cameleon,7,,,insect,,,,,,,,beau,,,,
cameleon,8,,,langue,,,,,,,,,,,,
cameleon,9,,,,,,,,,,,,,,,
cameleon,10,,,,,,,,,,,,,,,
carillon,1,musique,,,,,musique,musique,,musique,,instrument musique,,,,
carillon,2,jouer,,,,,instrument,baton,,fëte,,bruit,,,,
carillon,3,concert,,,,,orchestre,tapper,,melodie,,melodieux,,,,
carillon,4,conservatoire,,,,,chanson,,,danser,,,,,,
carillon,5,teatre,,,,,artiste,,,note,,,,,,
carillon,6,,,,,,performance,,,,,,,,,
carillon,7,,,,,,,,,,,,,,,
carillon,8,,,,,,,,,,,,,,,
carillon,9,,,,,,,,,,,,,,,
carillon,10,,,,,,,,,,,,,,,
catapulte,1,pierre,medieval,vieille epoque,roman,lancer,guerre,cannon,guerre,guerre,protection,moyen age,,,,
catapulte,2,fortresse,chevalier,torture,siege,bois,siege,moyen age,bois,moyen age,bois,combat,,,,
catapulte,3,muraille,château,chateau,pierre,,attaque,guerre,force,bois,bombe,defense,,,,
catapulte,4,geter,fortresses,,maladie,,fortresse,antiquité,rapide,feu,attaque,technique,,,,
catapulte,5,guerre,armes,,strategie,,,violence,,incendie,chateau,decouverte,,,,
catapulte,6,,mort,,destruction,,,tirer,,bruler,roman,innovation,,,,
catapulte,7,,guerre,,attaque,,,,,etandre,greque,combat,,,,
catapulte,8,,soldats,,non-defensive,,,,,eau,,strategie,,,,
catapulte,9,,,,,,,,,,,,,,,
catapulte,10,,,,,,,,,,,,,,,
celeri,1,,,,,,,,,salade,,,tres bon pour la santé,,,
celeri,2,,,,,,,,,mager,,,soupe ,,,
celeri,3,,,,,,,,,sauce,,,quiche,,,
celeri,4,,,,,,,,,legume,,,degoutant,,,
celeri,5,,,,,,,,,vert,,,,,,
celeri,6,,,,,,,,,planter,,,,,,
celeri,7,,,,,,,,,plantation,,,,,,
celeri,8,,,,,,,,,,,,,,,
celeri,9,,,,,,,,,,,,,,,
celeri,10,,,,,,,,,,,,,,,
chalumeau,1,feu,marshmellows,,,,,feu,feu,chimie,flame,,,,,
chalumeau,2,bois,cuisine,,,,,cuire,chaud,camping,allumette,,,,,
chalumeau,3,odeur,chauffer,,,,,chaleur,dangereux,allumer,briquet,,,,,
chalumeau,4,chaminet,le feu,,,,,manger,gas,feu,cigarette,,,,,
chalumeau,5,,brulant,,,,,,,se rechauffer,rouler,,,,,
chalumeau,6,,,,,,,,,allumette,tabac,,,,,
chalumeau,7,,,,,,,,,briquet,,,,,,
chalumeau,8,,,,,,,,,fumer,,,,,,
chalumeau,9,,,,,,,,,,,,,,,
chalumeau,10,,,,,,,,,,,,,,,
charniere,1,porte,porte,,usine,,,,,,,,,,,
charniere,2,ouvrir,moment charniere,,porte,,,,,,,,,,,
charniere,3,vis,serrure,,mechanism,,,,,,,,,,,
charniere,4,accrocher,poignée de porte,,cuir,,,,,,,,,,,
charniere,5,,bois,,,,,,,,,,,,,
charniere,6,,,,,,,,,,,,,,,
charniere,7,,,,,,,,,,,,,,,
charniere,8,,,,,,,,,,,,,,,
charniere,9,,,,,,,,,,,,,,,
charniere,10,,,,,,,,,,,,,,,
chat,1,nourriture,canapé,lit,poil,petit,jouer,felin,,chaton,chien,animal,/ Instr,,,
chat,2,chien,animal ,poil,animal,mignon,animal,mammifere,,beau,animale,felin,,,,
chat,3,mettre,chien,amour,felin,animal,felin,chien,,mignon,domestique,mignon,,,,
chat,4,,compagnie,calin,mammifere,gentil,mignon,fourrure,,adorable,maison,,,,,
chat,5,,griffe,nouritture,,,,poil,,,meubles,,,,,
chat,6,,blessure,litière,,,,,,,,,,,,
chat,7,,,,,,,,,,,,,,,
chat,8,,,,,,,,,,,,,,,
chat,9,,,,,,,,,,,,,,,
chat,10,,,,,,,,,,,,,,,
chaussette,1,,,,,,,,,,,,,,,
chaussette,2,,,,,,,,,,,,,,,
chaussette,3,,,,,,,,,,,,,,,
chaussette,4,,,,,,,,,,,,,,,
chaussette,5,,,,,,,,,,,,,,,
chaussette,6,,,,,,,,,,,,,,,
chaussette,7,,,,,,,,,,,,,,,
chaussette,8,,,,,,,,,,,,,,,
chaussette,9,,,,,,,,,,,,,,,
chaussette,10,,,,,,,,,,,,,,,
chevalet,1,dessin,canva,,,,,peindre,peinture,dessiner,toile,peinture,dessiner,,,
chevalet,2,artiste,la peinture,,,,,reinassance,couleurs,peindre,peinture,huil,acril,,,
chevalet,3,peintre,artiste,,,,,leonardo da vinci,paysage,peinture,art,tableau,paysage,,,
chevalet,4,toile,artiste,,,,,toile,,histoire de l'art,brosee,fresque,portrait,,,
chevalet,5,pincaux,acrilique,,,,,blanc,,observer,Van Gogh,art,artiste,,,
chevalet,6,,pincaux,,,,,art,,musee,,Picasso,,,,
chevalet,7,,,,,,,artiste,,peinture,,modern,,,,
chevalet,8,,,,,,,,,pincaux,,,,,,
chevalet,9,,,,,,,,,,,,,,,
chevalet,10,,,,,,,,,,,,,,,
cintre,1,,,,,,,,,,,,,,,
cintre,2,,,,,,,,,,,,,,,
cintre,3,,,,,,,,,,,,,,,
cintre,4,,,,,,,,,,,,,,,
cintre,5,,,,,,,,,,,,,,,
cintre,6,,,,,,,,,,,,,,,
cintre,7,,,,,,,,,,,,,,,
cintre,8,,,,,,,,,,,,,,,
cintre,9,,,,,,,,,,,,,,,
cintre,10,,,,,,,,,,,,,,,
clarinette,1,musique,musique,,instrument,,musique,musique,,musique,flute,,,,,
clarinette,2,orchestre,musique classique,,vent,,orchestre,instrument,,piano,souffler,,,,,
clarinette,3,applaudir,concert,,milieu,,artiste,bruit,,danser,musique,,,,,
clarinette,4,chanter,spectacle d'opera,,orchestre,,chanson,vent,,notes de musique,notes,,,,,
clarinette,5,,,,nasal,,,saxophone,,solfege,accord,,,,,
clarinette,6,,,,,,,trompette,,prof de piano,,,,,,
clarinette,7,,,,,,,charleston,,,,,,,,
clarinette,8,,,,,,,,,,,,,,,
clarinette,9,,,,,,,,,,,,,,,
clarinette,10,,,,,,,,,,,,,,,
colibri,1,vitesse,le vacances,oiseau,vitesse,oiseau,oiseau,hirondelle,couleur,voler,couleur,oiseau,tres petit,,,
colibri,2,voler,fleures,fleur,oiseau,rapide,petit,oiseau,voyage,couleur,voler,bruit,coloré,,,
colibri,3,fleur,sucre,ibiscus,vert,petit,couleur,voler,bec,oiseau,petit,chant,tropical,,,
colibri,4,nectare,nectar,couleur,rapide,fleur,pollen,rapide,chant,ver de terre,oiseau,printemps,jamais vu,,,
colibri,5,minuscule,ailes,silence,petit,,fleur,long,,bec,,soleil,,,,
colibri,6,,rapidité,jolie,,,,haut,,ailes,,arbre,,,,
colibri,7,,vol,mignon,,,,hydratation,,pattes,,feuille,,,,
colibri,8,,,,,,,,,,,nid,,,,
colibri,9,,,,,,,,,,,,,,,
colibri,10,,,,,,,,,,,,,,,
compas,1,matematique,devoir,math,,math,matematique,math,precision,tracer,equerre,,,,,
compas,2,geographie,rond,cercle,,dessiner,ecole,geometrie,rond,math,feuille,,,,,
compas,3,ecole,ecole primaire,angle,,cercle,travail,platon,ecole,cercle,geometrie,,,,,
compas,4,marrant / marin ?,feuilles,calcule,,,calcule,statistique,matematique,calculer,aritmetique,,,,,
compas,5,bateau,maitresse,exercise,,,physique,,enfance,angle,espace,,,,,
compas,6,capitain,prof,ecole,,,,,,circonference,,,,,,
compas,7,,pupitre,cour,,,,,,,,,,,,
compas,8,,,professeur,,,,,,,,,,,,
compas,9,,,stylo,,,,,,,,,,,,
compas,10,,,,,,,,,,,,,,,
cor,1,/,chasse,medicine,instrument,,,musique,bruit,trompette,saxophone,,,,,
cor,2,,trompette,,orchestre,,,instrument,musique,musique,flûte,,,,,
cor,3,,chiens,,mélodie,,,flûte,pays du Nord,orchestre,clarinette,,,,,
cor,4,,fusils,,sonnette ,,,à vent,,grand théâtre,musique,,,,,
cor,5,,,,,,,saxophone,,champagne,instrument,,,,,
cor,6,,,,,,,guitare,,musique,accords,,,,,
cor,7,,,,,,,,,,jazz,,,,,
cor,8,,,,,,,,,,,,,,,
cor,9,,,,,,,,,,,,,,,
cor,10,,,,,,,,,,,,,,,
corail,1,Mer,mer,mer,multicellulaire,eau,sous-marin,poisson,Océan,fond marin,corail,ocean,mer,,,
corail,2,?,pollution,poisson,vivant,couleur,aquatique,Némo,Australie,poissons,fruits de mer,pollution,diving,,,
corail,3,beauté,snorkeling,vie marine,réchauffement,,végétale,couleur,danger,exotiques,mer,beau,joli,,,
corail,4,poissons,mort,chauffement climatique,,,inanimé,mer,Fragile,pêche,océan,muraille,différents couleurs,,,
corail,5,vie,poissons,,,,,océan,,natation,requin,sirène,,,,
corail,6,,méduses,,,,,plonger,,plongée,plancton,etoile de mer,,,,
corail,7,,algues,,,,,nager,,costume de plongée,,,,,,
corail,8,,soleil,,,,,casser,,,,,,,,
corail,9,,vacances,,,,,,,,,,,,,
corail,10,,,,,,,,,,,,,,,
cornemuse,1,juillet,écosse,musique,instrument à vent,,,musique,musique,musique,instrument,,,,,
cornemuse,2,musique,jupes,Écosse,compliqué,,,à vent,Écosse,dance,Turquie,,,,,
cornemuse,3,rituel,quadrillage,tradition,Écosse,,,Écosse,entraînant,instrument national,mer noire,,,,,
cornemuse,4,tribu,musique,,folklorique,,,Irlande,,amusement,culture,,,,,
cornemuse,5,,notes de musique,,spécial,,,Jupe,,fête,,,,,,
cornemuse,6,,hommes,,,,,,,,,,,,,
cornemuse,7,,,,,,,,,,,,,,,
cornemuse,8,,,,,,,,,,,,,,,
cornemuse,9,,,,,,,,,,,,,,,
cornemuse,10,,,,,,,,,,,,,,,
cymbale,1,musique,musique,,musique,,,musique,musique,musique,batteur,,,,,
cymbale,2,orchestre,rock,,instrument,,,batterie,bruit,batterie,drums,,,,,
cymbale,3,concert,batterie,,tambour,,,baguette,orchestre,bâton,whiplash,,,,,
cymbale,4,conservatoire,salle de musique,,concert,,,Charleston,,Rythme,,,,,,
cymbale,5,juillet ?,notes de musique,,orchestre,,,Snare,,danser,,,,,,
cymbale,6,ensemble,,,percussion,,,Kick,,concerts,,,,,,
cymbale,7,,,,,,,,,groupe,,,,,,
cymbale,8,,,,,,,,,,,,,,,
cymbale,9,,,,,,,,,,,,,,,
cymbale,10,,,,,,,,,,,,,,,
decapsuleur,1,chirurgien,soirées,bière,boisson,,,ouvrir,bière,boire,canette,bouteille,,,,
decapsuleur,2,opération,bière,vin,alcool,,,bière,vin,bière,métallique,bière,,,,
decapsuleur,3,hôpital,alcool,soirée,bière,,,bouchon,boissons,fête,aluminium,verre,,,,
decapsuleur,4,médecin,verres,ambiance,capsule,,,pointu,force,s'amuser,bouchon,alcool,,,,
decapsuleur,5,,bars,Amusement,,,,rond ?,,danser,capsule,boisson,,,,
decapsuleur,6,,,boisson,,,,trou,,chanter,,,,,,
decapsuleur,7,,,bourré,,,,,,boîte de nuit,,,,,,
decapsuleur,8,,,coma,,,,,,boire,,,,,,
decapsuleur,9,,,,,,,,,ivre,,,,,,
decapsuleur,10,,,,,,,,,,,,,,,
dindon,1,fermier,ferme,oiseau,oiseau,oiseau,,Thanksgiving,fête,dindes,,Noël,,,,
dindon,2,poulet,basse-cour,nourriture,?,manger,,Amérique,manger,sandwichs,,géante,,,,
dindon,3,volaille,forêts,Bruit,Grand,sandwich,,rôtir,pas beau,four,,repas,,,,
dindon,4,rouge,bruits,campagne,agressif,,,Poulet,plumes,manger,,oiseau,,,,
dindon,5,,animaux,,noir,,,,Crête,cuisiner,,paon,,,,
dindon,6,,oiseaux,,,,,,,assaisonner,,grand,,,,
dindon,7,,ailes,,,,,,,,,,,,,
dindon,8,,,,,,,,,,,,,,,
dindon,9,,,,,,,,,,,,,,,
dindon,10,,,,,,,,,,,,,,,
echenilloir,1,,,,,,,,,,,,,,,
echenilloir,2,,,,,,,,,,,,,,,
echenilloir,3,,,,,,,,,,,,,,,
echenilloir,4,,,,,,,,,,,,,,,
echenilloir,5,,,,,,,,,,,,,,,
echenilloir,6,,,,,,,,,,,,,,,
echenilloir,7,,,,,,,,,,,,,,,
echenilloir,8,,,,,,,,,,,,,,,
echenilloir,9,,,,,,,,,,,,,,,
echenilloir,10,,,,,,,,,,,,,,,
enclume,1,fer,,/,métal,,,,lourd,,pois,Pierre,,,,
enclume,2,appuyer,,,forger,,,,fer,,portée,statue,,,,
enclume,3,,,,feu,,,,noir,,construction,roche,,,,
enclume,4,,,,marteau,,,,Moyen-Âge,,,historique,,,,
enclume,5,,,,forgeron,,,,,,,,,,,
enclume,6,,,,,,,,,,,,,,,
enclume,7,,,,,,,,,,,,,,,
enclume,8,,,,,,,,,,,,,,,
enclume,9,,,,,,,,,,,,,,,
enclume,10,,,,,,,,,,,,,,,
entonnoir,1,,,,,,,,,liquide,conteneur,,,,,
entonnoir,2,,,,,,,,,couler,filtrage,,,,,
entonnoir,3,,,,,,,,,chimie,tamisage,,,,,
entonnoir,4,,,,,,,,,précision,trier,,,,,
entonnoir,5,,,,,,,,,,,,,,,
entonnoir,6,,,,,,,,,,,,,,,
entonnoir,7,,,,,,,,,,,,,,,
entonnoir,8,,,,,,,,,,,,,,,
entonnoir,9,,,,,,,,,,,,,,,
entonnoir,10,,,,,,,,,,,,,,,
eolienne,1,,,,,,,,,,,,,,,
eolienne,2,,,,,,,,,,,,,,,
eolienne,3,,,,,,,,,,,,,,,
eolienne,4,,,,,,,,,,,,,,,
eolienne,5,,,,,,,,,,,,,,,
eolienne,6,,,,,,,,,,,,,,,
eolienne,7,,,,,,,,,,,,,,,
eolienne,8,,,,,,,,,,,,,,,
eolienne,9,,,,,,,,,,,,,,,
eolienne,10,,,,,,,,,,,,,,,
epouvantail,1,chasser les oiseaux,corbeaux,/,champ,,,ferme,champ,peur,oiseaux,Halloween,Halloween,,,
epouvantail,2,protéger la récolte,champs,,grain,,,Countryside,peur,amusant,herbe,effrayant,effrayant,,,
epouvantail,3,Halloween,blé,,blé,,,corbeaux,?,habits,haye,octobre,Movie Roron,,,
epouvantail,4,,Amériques,,corbeaux,,,,,foint,champ,paille,,,,
epouvantail,5,,Fermiers,,corvide,,,,,champ,tête,champs,,,,
epouvantail,6,,tracteurs,,Peur,,,,,,mannequin,peur,,,,
epouvantail,7,,,,Horreur,,,,,,,,,,,
epouvantail,8,,,,,,,,,,,,,,,
epouvantail,9,,,,,,,,,,,,,,,
epouvantail,10,,,,,,,,,,,,,,,
espadon,1,poisson,poissons,poisson,poisson,poissons,,poisson,eau,poisson,poisson,poisson,mer,,,
espadon,2,mer,épée,mer,pêche,nager,,Thon,Peche,nager,épée,océan,gris,,,
espadon,3,chasser,mer,eau,fort,Eau,,baleine,grand,eau,dragon,lac,Dangereaux,,,
espadon,4,protection,algues,micro-organismes,rapide,,,mère,,aquarium,prince,mer,très joli,,,
espadon,5,,étoiles de mer,Vie marine,musculaire,,,eau,,mer,princesse,Eau douce,bateau,,,
espadon,6,,soleil,,rare,,,océan,,océan,Mario,,,,,
espadon,7,,océan,,difficile,,,manger,,bateau,roi,,,,,
espadon,8,,vacances,,,,,long,,poisson,,,,,,
espadon,9,,,,,,,,,,,,,,,
espadon,10,,,,,,,,,,,,,,,
etrier,1,chevalier,cheval,,cheval,,,,cheval,équitation,,chevaux,,,,
etrier,2,cheval,équitation,,équitation,,,,Vitesse,cheval,,sabot,,,,
etrier,3,contest,fermes,,contrôle,,,,monter,galop,,équitation,,,,
etrier,4,,enclos,,virage,,,,,écuries,,animal,,,,
etrier,5,,pâturages,,,,,,,bumb,,ferme,,,,
etrier,6,,,,,,,,,equipment de équitation,,,,,,
etrier,7,,,,,,,,,,,,,,,
etrier,8,,,,,,,,,,,,,,,
etrier,9,,,,,,,,,,,,,,,
etrier,10,,,,,,,,,,,,,,,
eventail,1,Chine,froid,vent,Air,,,chaleur,chaud,chaleur,,Chine,,,,
eventail,2,culture,vent,chaleur,été,,,fraîcheur,Espagne,été,,Empire,,,,
eventail,3,bouddhisme,Asie,été,chaleur,,,Asie,Asie,plage,,aristocratie,,,,
eventail,4,théâtre,chaleur,transpiration,vent,,,Japon,couleur,pratique,,femme,,,,
eventail,5,geisha,canicule,fatigue,Chine,,,Chine,papier,élégant,,vent,,,,
eventail,6,,geisha,respiration,,,,,,,,chaleur,,,,
eventail,7,,,,,,,,,,,canicule,,,,
eventail,8,,,,,,,,,,,,,,,
eventail,9,,,,,,,,,,,,,,,
eventail,10,,,,,,,,,,,,,,,
extincteur,1,,,,,,,,,incendie,feu,,feu,,,
extincteur,2,,,,,,,,,pompier,fumée,,??,,,
extincteur,3,,,,,,,,,camion pompier,mousse,,pompiers,,,
extincteur,4,,,,,,,,,secours,blanc,,prévenir,,,
extincteur,5,,,,,,,,,feu,chalet,,"(Can't find word ""save"")",,,
extincteur,6,,,,,,,,,combinaison,,,,,,
extincteur,7,,,,,,,,,,,,,,,
extincteur,8,,,,,,,,,,,,,,,
extincteur,9,,,,,,,,,,,,,,,
extincteur,10,,,,,,,,,,,,,,,
flasque,1,boisson,alcool,alcool,,,,alcool,,alcool,conteneur,parfum,boisson,,,
flasque,2,alcoolique,alcoolisme,bouteilles,,,,liquide,,cacher,Eau,odeur,?,,,
flasque,3,caché,vodka,apéro,,,,brûler,,boire,alcool,homme,froide,,,
flasque,4,boire,whisky,pêche,,,,cacher,,ivre,soirée,chic,pour se réchauffer,,,
flasque,5,,addiction,bourré,,,,métal,,danser,boîte,,,,,
flasque,6,,les vieux,,,,,ancien,,s'amuser,,,,,,
flasque,7,,,,,,,vieux,,,,,,,,
flasque,8,,,,,,,,,,,,,,,
flasque,9,,,,,,,,,,,,,,,
flasque,10,,,,,,,,,,,,,,,
fourmilier,1,fourmis,fourmis,,fourmis,,,,animal,,,,,,,
fourmilier,2,manger,fourmilières,,animal,,,,poilu,,,,,,,
fourmilier,3,nourriture,nourriture,,mammifère,,,,fourmis,,,,,,,
fourmilier,4,déplacer,forêt amazonienne,,langue,,,,solitaire,,,,,,,
fourmilier,5,marché,forêts,,Manger,,,,,,,,,,,
fourmilier,6,,animal,,terre,,,,,,,,,,,
fourmilier,7,,insecte,,,,,,,,,,,,,
fourmilier,8,,,,,,,,,,,,,,,
fourmilier,9,,,,,,,,,,,,,,,
fourmilier,10,,,,,,,,,,,,,,,
girouette,1,vent,vent,Nord,,,,,,boussole,,,,,,
girouette,2,direction,direction,Sud,,,,,,Est,,,,,,
girouette,3,bâtiment,folie,est,,,,,,Ouest,,,,,,
girouette,4,tours,maisons anciennes,West,,,,,,nord,,,,,,
girouette,5,ville,,direction,,,,,,sud,,,,,,
girouette,6,route,,coucher de soleil,,,,,,direction,,,,,,
girouette,7,,,lever de soleil,,,,,,fleche,,,,,,
girouette,8,,,lumière,,,,,,aller,,,,,,
girouette,9,,,,,,,,,se déplacer,,,,,,
girouette,10,,,,,,,,,,,,,,,
gland,1,port,écureuils,écureuil,nature,,,Ice age,arbre,noix,noix,écureuil,,,,
gland,2,forêt,arbre,arbre,reproduction,,,écureuils,écureuil,écureuil,cajou,arbre,,,,
gland,3,,automne,feuilles,pollinisation,,,arbre,,arbre,coco,nature,,,,
gland,4,,feuilles,automne,arbre,,,printemps,,New York,,verdure,,,,
gland,5,,ecorce,frais,,,,feuilles,,,,nature,,,,
gland,6,,nourriture,,,,,,,,,,,,,
gland,7,,,,,,,,,,,,,,,
gland,8,,,,,,,,,,,,,,,
gland,9,,,,,,,,,,,,,,,
gland,10,,,,,,,,,,,,,,,
gong,1,Chine,méditation,son,son,,,bruit,,,,,,,,
gong,2,appuyer,yoga,fort,percussion,,,cymbale,,,,,,,,
gong,3,plier,Asie,,métaux,,,taper,,,,,,,,
gong,4,son,bouddhisme,,,,,lourd,,,,,,,,
gong,5,prière,temples,,,,,métal,,,,,,,,
gong,6,région,,,,,,gris,,,,,,,,
gong,7,,,,,,,,,,,,,,,
gong,8,,,,,,,,,,,,,,,
gong,9,,,,,,,,,,,,,,,
gong,10,,,,,,,,,,,,,,,
gouvernail,1,capitaine,bateaux,bateau,,,navigation,voile,bateau,bateau,,bateau,,,,
gouvernail,2,bateau,capitaines,mer,,,mer,bateau,voyage,volant,,expédition,,,,
gouvernail,3,Colombe,mer,capitaine,,,bateau,navire,orientation,direction,,titanic,,,,
gouvernail,4,Moyen-Âge,pirates,voyage,,,découverte,mère,bois,allez,,commandant,,,,
gouvernail,5,,barre,passager,,,pirate,capitaine,,pirate,,pirate,,,,
gouvernail,6,,,,,,,matelot,,Eau,,expédition,,,,
gouvernail,7,,,,,,,,,pirate,,,,,,
gouvernail,8,,,,,,,,,,,,,,,
gouvernail,9,,,,,,,,,,,,,,,
gouvernail,10,,,,,,,,,,,,,,,
guillotine,1,mort,Marie-Antoinette,,révolution,tête,exécution,tuer,Moyen-Âge,roi de France,mise à mort,Révolution française,France,,,
guillotine,2,couper la tête,France,,exécution,,mort,Luis 14,crime,tête,exécution,histoire,punition,,,
guillotine,3,Moyen-Âge,royauté,,oppression,,décapitement,roi,spectacle,couper,tête,Marie-Antoinette,temps ancien,,,
guillotine,4,France,mort,,terreur,,punition,France,,mal,décapitation,,fini,,,
guillotine,5,18eme siècle,décapitation,,humilité,,,révolution,,torture,mort,,,,,
guillotine,6,,monarchie,,,,,,,,,,,,,
guillotine,7,,,,,,,,,,,,,,,
guillotine,8,,,,,,,,,,,,,,,
guillotine,9,,,,,,,,,,,,,,,
guillotine,10,,,,,,,,,,,,,,,
guirlande,1,,,,,,,,,,,,,,,
guirlande,2,,,,,,,,,,,,,,,
guirlande,3,,,,,,,,,,,,,,,
guirlande,4,,,,,,,,,,,,,,,
guirlande,5,,,,,,,,,,,,,,,
guirlande,6,,,,,,,,,,,,,,,
guirlande,7,,,,,,,,,,,,,,,
guirlande,8,,,,,,,,,,,,,,,
guirlande,9,,,,,,,,,,,,,,,
guirlande,10,,,,,,,,,,,,,,,
hache,1,couper,bois,bois,bois,,travail,couper,bois,couper,bois,Halloween,taper,,,
hache,2,bois,La mort,travail,urgences,,construction,bois,coupé,bois,Desessemblement,meurtre,très lourde,,,
hache,3,cheminée,arbres,transpiration,feu,,dangereux,Animal Crossing,forêt,pompier,blement,violence,Dangereaux,,,
hache,4,odeur,forêt,mouvement,lourd,,arme,printemps,cheminée,sauver,tranches,sang,boits,,,
hache,5,,maisons,forêt,,,,été,,chauffer,tranchées,crime,hommes,,,
hache,6,,,boire,,,,automne,,feu,tuer,outil,,,,
hache,7,,,arbre,,,,hiver,,maison,,,,,,
hache,8,,,Feu,,,,saison,,,,,,,,
hache,9,,,chalet,,,,,,,,,,,,
hache,10,,,,,,,,,,,,,,,
haltere,1,,,,,,,,,,,,,,,
haltere,2,,,,,,,,,,,,,,,
haltere,3,,,,,,,,,,,,,,,
haltere,4,,,,,,,,,,,,,,,
haltere,5,,,,,,,,,,,,,,,
haltere,6,,,,,,,,,,,,,,,
haltere,7,,,,,,,,,,,,,,,
haltere,8,,,,,,,,,,,,,,,
haltere,9,,,,,,,,,,,,,,,
haltere,10,,,,,,,,,,,,,,,
hamecon,1,poisson,pêche,poisson,poisson,,,,,,,,,,,
hamecon,2,pêche,poissons,pêche,pêche,,,,,,,,,,,
hamecon,3,douleur,Australie,bord du lac,ver,,,,,,,,,,,
hamecon,4,Nuire,mer,bord de la rivière,attraper,,,,,,,,,,,
hamecon,5,,pêche,rivière,,,,,,,,,,,,
hamecon,6,,pêcheurs,eau,,,,,,,,,,,,
hamecon,7,,poissonnerie,,,,,,,,,,,,,
hamecon,8,,,,,,,,,,,,,,,
hamecon,9,,,,,,,,,,,,,,,
hamecon,10,,,,,,,,,,,,,,,
harmonica,1,musique,,,vent,,,instrument à vent,musique,,,,,,,
harmonica,2,jouer,,,Grandpere,,,métal,harmonieux,,,,,,,
harmonica,3,fête,,,,,,gris,enfant,,,,,,,
harmonica,4,produire de la musique,,,,,,acoustique,air,,,,,,,
harmonica,5,,,,,,,?,,,,,,,,
harmonica,6,,,,,,,?,,,,,,,,
harmonica,7,,,,,,,,,,,,,,,
harmonica,8,,,,,,,,,,,,,,,
harmonica,9,,,,,,,,,,,,,,,
harmonica,10,,,,,,,,,,,,,,,
heron,1,fleuve,marais,pelican,oiseau,,,héron,long,oiseau,Flamingo,majestueux,,,,
heron,2,poisson,roseaux,oiseau,Longs pattes,,,Voler,Bec,blanc,eau,jambes,,,,
heron,3,voler,grenouilles,air,blanc,,,flamant rose,Blanc,bec,poisson,longues,,,,
heron,4,sable,libellules,voler,jaune,,,long,voyage,patte,lac,animal,,,,
heron,5,,Asie,oeufs,vol,,,bec,,voler,nager,oiseau,,,,
heron,6,,oiseaux,,,,,blanc,,champs,voler,ailes,,,,
heron,7,,animaux,,,,,jaune,,,,,,,,
heron,8,,,,,,,,,,,,,,,
heron,9,,,,,,,,,,,,,,,
heron,10,,,,,,,,,,,,,,,
hyene,1,,,,,,,,,,,,,,,
hyene,2,,,,,,,,,,,,,,,
hyene,3,,,,,,,,,,,,,,,
hyene,4,,,,,,,,,,,,,,,
hyene,5,,,,,,,,,,,,,,,
hyene,6,,,,,,,,,,,,,,,
hyene,7,,,,,,,,,,,,,,,
hyene,8,,,,,,,,,,,,,,,
hyene,9,,,,,,,,,,,,,,,
hyene,10,,,,,,,,,,,,,,,
jante,1,rouler,roue,voiture,,,,rouler,voiture,roue,roue,voiture,roue,,,
jante,2,voiture,voiture,caoutchouc,,,,pneus,jolie,voiture,pneu,mécanique,voiture,,,
jante,3,route,automobile,route,,,,voiture,aluminium,rouler,voiture,instrument,très cher,,,
jante,4,protection,mécanos,entretien,,,,moto,,accident,véhicule,outil,montage,,,
jante,5,,essence,argent,,,,,,volant,chemin,,,,,
jante,6,,pneus,coup,,,,,,permis de conduire,avenue,,,,,
jante,7,,,taxe,,,,,,théorie,marathon,,,,,
jante,8,,,,,,,,,,,,,,,
jante,9,,,,,,,,,,,,,,,
jante,10,,,,,,,,,,,,,,,
lama,1,,,,,,,,,,,,,,,
lama,2,,,,,,,,,,,,,,,
lama,3,,,,,,,,,,,,,,,
lama,4,,,,,,,,,,,,,,,
lama,5,,,,,,,,,,,,,,,
lama,6,,,,,,,,,,,,,,,
lama,7,,,,,,,,,,,,,,,
lama,8,,,,,,,,,,,,,,,
lama,9,,,,,,,,,,,,,,,
lama,10,,,,,,,,,,,,,,,
litchi,1,fruit,bubble tea,fruit,fruit,fruit,,bon,fruits,jus,fruit,fruit,,,,
litchi,2,exotique,boissons,bon,exotique,manger,,tropical,asiatique,boire,dragon,bon,,,,
litchi,3,Thailand,fruit,sucré,Thailand,boire,,ramboutan,Succulent,vitamine,fruit de mer,sucré,,,,
litchi,4,sucré,Italie,alcool,sucré,saveur,,fruits,juteux,fruits,,exotique,,,,
litchi,5,Mango,blanc,cidre,Mango,,,légumes,,pomme,,petit,,,,
litchi,6,papaya,,dessert,papaya,,,graines,,poire,,blanc,,,,
litchi,7,,,bon,,,,,,banane,,visqueux,,,,
litchi,8,,,,,,,,,fraise,,,,,,
litchi,9,,,,,,,,,,,,,,,
litchi,10,,,,,,,,,,,,,,,
louche,1,,,,,,,,,soupe,,,,,,
louche,2,,,,,,,,,cantine,,,,,,
louche,3,,,,,,,,,parascolaire,,,,,,
louche,4,,,,,,,,,vitamines,,,,,,
louche,5,,,,,,,,,manger,,,,,,
louche,6,,,,,,,,,boire,,,,,,
louche,7,,,,,,,,,pain,,,,,,
louche,8,,,,,,,,,,,,,,,
louche,9,,,,,,,,,,,,,,,
louche,10,,,,,,,,,,,,,,,
loupe,1,,,,,,,,,,,,,,,
loupe,2,,,,,,,,,,,,,,,
loupe,3,,,,,,,,,,,,,,,
loupe,4,,,,,,,,,,,,,,,
loupe,5,,,,,,,,,,,,,,,
loupe,6,,,,,,,,,,,,,,,
loupe,7,,,,,,,,,,,,,,,
loupe,8,,,,,,,,,,,,,,,
loupe,9,,,,,,,,,,,,,,,
loupe,10,,,,,,,,,,,,,,,
lynx,1,chat,montagnes,hyene,poilu,animaux,chat,felin,dents,félin,sphinx,félin,vicieux,,,
lynx,2,felin,chats,sauvages,prédateur,chat,animal,tigre,pointues,chat,chat,suisse,zoo parc,,,
lynx,3,oreille,félins,dangereux,chaton,mignons,sauvage,lion,collar,lion,tigre,rare,sauvage,,,
lynx,4,patte,chasseurs,forêt,félin,Oreille,félin,savane,Chasse,guépard,lion,disparition,très vite,,,
lynx,5,,dents,Afrique,,,prédateur,forêt,rapide,panthère,animaux,petit,,,,
lynx,6,,souris,,,,,désert,,Jaguar,,Beau,,,,
lynx,7,,,,,,,jungle,,safari,,,,,,
lynx,8,,,,,,,,,,,,,,,
lynx,9,,,,,,,,,,,,,,,
lynx,10,,,,,,,,,,,,,,,
maracas,1,,,,,,,,,danser,,,,,,
maracas,2,,,,,,,,,chanter,,,,,,
maracas,3,,,,,,,,,jouer de la musique,,,,,,
maracas,4,,,,,,,,,composer,,,,,,
maracas,5,,,,,,,,,note de musique,,,,,,
maracas,6,,,,,,,,,,,,,,,
maracas,7,,,,,,,,,,,,,,,
maracas,8,,,,,,,,,,,,,,,
maracas,9,,,,,,,,,,,,,,,
maracas,10,,,,,,,,,,,,,,,
megaphone,1,parler,foule,bruit,son,parler,manifestation,bruit,bruit,annonce,mégaphone,bruit,,,,
megaphone,2,voix,manifestations,ordre,électronique,fort,haut-parleur,parler,parler,fort,haut-parleur,politique,,,,
megaphone,3,manifestation,bruit,informations,américain,,crier,manifestations,distance,crier,audio,foule,,,,
megaphone,4,militant,volume,police,manifestation,,,entendre,foule,entendre,son,voix,,,,
megaphone,5,,voix,gendarmerie,,,,crier,,alerte,intensité,discours,,,,
megaphone,6,,cris,,,,,fort,,alerter,réflexion,,,,,
megaphone,7,,slogans,,,,,,,incendie,,,,,,
megaphone,8,,,,,,,,,accident,,,,,,
megaphone,9,,,,,,,,,,,,,,,
megaphone,10,,,,,,,,,,,,,,,
memetronome,1,musique,musique,piano,musique,,scientifique,musique,,,,,,,,
memetronome,2,piano,piano,rythme,rythme,,physique,chiant,,,,,,,,
memetronome,3,jouer,touches de musique,son,tempo,,calcul,instrument,,,,,,,,
memetronome,4,école,noir,cours,BPM,,observation,rapide,,,,,,,,
memetronome,5,Solfeggio,blanc,lessons,,,précision,long,,,,,,,,
memetronome,6,,partitions,musique,,,,normal,,,,,,,,
memetronome,7,,,plaisant,,,,,,,,,,,,
memetronome,8,,,,,,,,,,,,,,,
memetronome,9,,,,,,,,,,,,,,,
memetronome,10,,,,,,,,,,,,,,,
microscope,1,chercheur,biologie,sciences,observation,médecine,scientifique,observations,biologie,chimie,bactérie,science,petite,,,
microscope,2,investiger,cellules,médecine,biologie,regarder,petit,insects,neuron,biologie,cellule,télescope,Plus grande,,,
microscope,3,chercher,organismes vivants,cellule,medicine,bactérie,observation,plantes,,analyse,organisme,recherche,microbes,,,
microscope,4,augmenter la vue,école,recherche,microscopique,observer,échelle,sang,,bactéries,virus,science,Insect,,,
microscope,5,,collège,,petit,expérience,micro-organisme,verre,,dessiner,lactobacilles,scientifique,science,,,
microscope,6,,salles de laboratoire,,nanométrique,,,,,observer,,,,,,
microscope,7,,,,Forme de vie,,,,,,,,,,,
microscope,8,,,,,,,,,,,,,,,
microscope,9,,,,,,,,,,,,,,,
microscope,10,,,,,,,,,,,,,,,
morse,4,nager,phoques,eau,,,sauvage,Mer,Alaska,,,neige,,,,
morse,5,,bébés,froid,,,,,,,,froid,,,,
morse,6,,animaux,,,,,,,,,hiver,,,,
morse,7,,,,,,,,,,,température,,,,
morse,8,,,,,,,,,,,,,,,
morse,9,,,,,,,,,,,,,,,
morse,10,,,,,,,,,,,,,,,
mousqueton,1,clé,escalade,,,,,escalader,fer,,,vélo,fixé,,,
mousqueton,3,,rochers,,,,,corps,escalade,,,clé,porter,,,
mousqueton,5,,salles de sport,,,,,,,,,,poussette,,,
mousqueton,6,,mur de grimpe,,,,,,,,,,sacs,,,
mousqueton,7,,prises de grimpe,,,,,,,,,,,,,
mousqueton,8,,harnais,,,,,,,,,,,,,
mousqueton,9,,,,,,,,,,,,,,,
mousqueton,10,,,,,,,,,,,,,,,
myrtille,1,Alsace,tartes,fruit,fruit,fruit,fruit,vert,baies,fruit,bleu,fruits rouges,délicieux,,,
myrtille,2,France,fruits,petit-déjeuner,tarte,manger,alimentation,bleu,couleur,vision,fruit de bois,arbre,bon pour la santé,,,
myrtille,4,bon pour les yeux,saveur,cher,Baies,bleu,vitamine,,dessert,banane,gazon,forêt,yogourt,,,
myrtille,5,délicieux,framboises,,été,petit,petit déjeuner,,,fraise,herbe,Printemps ,gâteau,,,
myrtille,7,,,,,,,,,jus,,,,,,
myrtille,8,,,,,,,,,,,,,,,
myrtille,9,,,,,,,,,,,,,,,
myrtille,10,,,,,,,,,,,,,,,
nenuphar,1,,,,,,,,,grenouilles,,,très,,,
nenuphar,2,,,,,,,,,eau,,,jolie,,,
nenuphar,3,,,,,,,,,fleurs,,,différents couleurs,,,
nenuphar,5,,,,,,,,,,,,eau,,,
nenuphar,6,,,,,,,,,,,,,,,
nenuphar,7,,,,,,,,,,,,,,,
nenuphar,9,,,,,,,,,,,,,,,
nenuphar,10,,,,,,,,,,,,,,,
neon,1,rideau,boîtes,lumière,gaz,,illumination,lumière,lumiere,lumière,bâton,,,,,
neon,2,fenêtre,lumière,chambre,dangereux,,lumière,led,fragile,briller,ultraviolet,,,,,
neon,3,lumière,salles de classe,blanc,consommateur,,chambre,nuit,consommation,éclairer,lumière,,,,,
neon,4,lampe,lumière froide,électricité,long,,nuit,allumer,,voir,mur,,,,,
neon,6,,,gaz,,,,maison,,éteindre,,,,,,
neon,7,,,,,,,extérieur,,jolie,,,,,,
neon,8,,,,,,,,,,,,,,,
neon,9,,,,,,,,,,,,,,,
ornithorynque,1,fleuve,animaux,Perry l'ornithorynque,animal,animal,animal,plat,Australie,Australie,,,,,,
ornithorynque,2,faire les nids,castor,dessin animé,poilu,Eau,hybride,bec,Eau,Eau,,,,,,
ornithorynque,3,bois,rivière,Phinéas et Ferb,étrange,,aquatique,bouche,timide,timide,,,,,,
ornithorynque,4,,ruisseau,agent secret,nonnaturel,,sauvage,Perry,bec,bec,,,,,,
ornithorynque,5,,canard,,,,,,fourrure,fourrure,,,,,,
ornithorynque,7,,,,,,,,,,,,,,,
ornithorynque,8,,,,,,,,,,,,,,,
ornithorynque,9,,,,,,,,,,,,,,,
ornithorynque,10,,,,,,,,,,,,,,,
paon,1,,,,,,,,,joli,,,,,,
paon,3,,,,,,,,,zoo,,,,,,
paon,4,,,,,,,,,merveilleux,,,,,,
paon,5,,,,,,,,,beau,,,,,,
paon,6,,,,,,,,,,,,,,,
paon,8,,,,,,,,,,,,,,,
paon,9,,,,,,,,,,,,,,,
paon,10,,,,,,,,,,,,,,,
papaye,1,fruit exotique,fruits,fruit,tropical,fruit,fruit,Bon,exotique,fruit,exotic,exotique,sucre,,,
papaye,2,Thaïlande,jungle,sucré,graine,Gout,nutrition,graine,gout,paradisiaque,fruits,fruit,Thaïlande,,,
papaye,3,jus,pays étrangers,délicieux,Mou,manger,vitamine,orange,rouge,ile,Mexique,bon,pas délicieux de tout,,,
papaye,5,chaud,,exotique,,,dessert,Asie,,profiter,tropical,palmier,fruit très grande,,,
papaye,6,soleil,,sain,,,,Amérique latine,,vacances,,,,,,
papaye,7,,,,,,,,,été,,,,,,
papaye,9,,,,,,,,,,,,,,,
papaye,10,,,,,,,,,,,,,,,
partition,1,,,,,,,,,musique,note,,notes,,,
partition,2,,,,,,,,,note,accord,,musique,,,
partition,3,,,,,,,,,solfège,echelle,,piano,,,
partition,4,,,,,,,,,clé de sol,Octave,,jouer,,,
partition,5,,,,,,,,,clé de fa,,,Mozart,,,
partition,7,,,,,,,,,piano,,,difficile,,,
partition,8,,,,,,,,,spectacle,,,,,,
partition,10,,,,,,,,,,,,,,,
pelican,1,poisson,dessins animés,oiseau,transport,oiseau,,Grand bec,Bec,oiseau,voler,bec,grande,,,
pelican,2,gorge,poissons,poisson,Grand,eau,,Nemo,eau,voler,eau,gros,pas dangereux,,,
pelican,3,bec,nourriture,nourriture,courageux,,,voler,poisson,pigeon,rivière,animal,poisson,,,
pelican,4,manger,oiseaux,Mer,plume,,,blanc ,pêche,,poisson,oiseau,,,,
pelican,5,,mer,Nemo,orange,,,Eau,,,arbre,bruit,,,,
pelican,6,,vent,,,,,,,,forêt,désagréable,,,,
pelican,7,,,,,,,,,,,,,,,
pelican,9,,,,,,,,,,,,,,,
phacochere,1,animal,Le Roi Lion,,,,,Simba,Roi Lion,sanglier,animal,,,,,
phacochere,2,safari,lions,,,,,Roi Lion,corne,corne,sauvage,,,,,
phacochere,3,Afrique,savane,,,,,Pumbaa,sauvage,animal,bois,,,,,
phacochere,4,,lémuriens,,,,,chanter,,gris,forêt,,,,,
phacochere,5,,soleil,,,,,savane,,sabot,cochon,,,,,
phacochere,6,,cochons,,,,,Afrique,,quatre pattes,,,,,,
phacochere,7,,,,,,,,,courir,,,,,,
phacochere,8,,,,,,,,,danger,,,,,,
phacochere,9,,,,,,,,,,,,,,,
piolet,1,jardin,,,grimpe sur glace,,,grimper,,,,,,,,
piolet,2,Bricoler,,,compétition,,,avalanche,,,,,,,,
piolet,3,instrument,,,accrochage,,,neige,,,,,,,,
piolet,4,,,,pointu,,,s'accrocher,,,,,,,,
piolet,5,,,,Ergonomique,,,pointu,,,,,,,,
piolet,6,,,,,,,,,,,,,,,
piolet,7,,,,,,,,,,,,,,,
piolet,8,,,,,,,,,,,,,,,
piolet,9,,,,,,,,,,,,,,,
piolet,10,,,,,,,,,,,,,,,
pipette,1,médecin,chimie,laboratoire,mesurer,mesure,,eau,experience,chimie,,,gouttes,,,
pipette,2,analyse,biologie,médecine,médicament,mesurer,,aspirer,goutelette,mesurer,,,oreilles,,,
pipette,3,sang,expériences,recherche,scientifique,expérience,,goutte,aspiration,millilitres,,,nez,,,
pipette,4,hôpital,laboratoires,cellule,médecine,séance,,médicament,biologie,précision,,,misurer,,,
pipette,5,infirmière,liquides,solution,petite quantité,chimie,,Beau,,blouse,,,médicaments,,,
pipette,6,,instruments,,,substance,,,,lunettes,,,médecin,,,
pipette,7,,,,,,,,,attention,,,,,,
pipette,8,,,,,,,,,,,,,,,
pipette,9,,,,,,,,,,,,,,,
pipette,10,,,,,,,,,,,,,,,
poireau,1,,,,,,,,,,,,,,,
poireau,2,,,,,,,,,,,,,,,
poireau,3,,,,,,,,,,,,,,,
poireau,4,,,,,,,,,,,,,,,
poireau,5,,,,,,,,,,,,,,,
poireau,6,,,,,,,,,,,,,,,
poireau,7,,,,,,,,,,,,,,,
poireau,8,,,,,,,,,,,,,,,
poireau,9,,,,,,,,,,,,,,,
poireau,10,,,,,,,,,,,,,,,
racloir,1,,nettoyage,,serpillière,,,nettoyer,vitre,,,,,,,
racloir,2,,soirées,,nettoyage,,,balais,propreté,,,,,,,
racloir,3,,maison de vacances,,propreté,,,,eau,,,,,,,
racloir,4,,propreté,,sol,,,,mousse,,,,,,,
racloir,5,,,,produit,,,,,,,,,,,
racloir,6,,,,,,,,,,,,,,,
racloir,7,,,,,,,,,,,,,,,
racloir,8,,,,,,,,,,,,,,,
racloir,9,,,,,,,,,,,,,,,
racloir,10,,,,,,,,,,,,,,,
raie,1,,mer,mer,danger,,océan,plat,Eau,nager,,Maldives,mer,,,
raie,2,,électricité,poisson,poisson,,animal,long,grand,eau,,océan,eau,,,
raie,3,,snorkeling,baleine,plat,,aquatique,queue,jolie,électricité,,dangereux,salée,,,
raie,4,,sable,requin,seul marin,,sauvages,,,plat,,néfaste,jolie,,,
raie,5,,algues,eau,,,dangereux,,,?,,plat,?,,,
raie,6,,vacances,corail,,,,,,poisson,,,,,,
raie,7,,soleil,bleu,,,,,,mer,,,,,,
raie,8,,,,,,,,,océan,,,,,,
raie,9,,,,,,,,,,,,,,,
raie,10,,,,,,,,,,,,,,,
rateau,1,,,,,,,,,jardiner,,,,,,
rateau,2,,,,,,,,,jardin,,,,,,
rateau,3,,,,,,,,,planter,,,,,,
rateau,4,,,,,,,,,herbe,,,,,,
rateau,5,,,,,,,,,fleurs,,,,,,
rateau,6,,,,,,,,,pelle,,,,,,
rateau,7,,,,,,,,,,,,,,,
rateau,8,,,,,,,,,,,,,,,
rateau,9,,,,,,,,,,,,,,,
rateau,10,,,,,,,,,,,,,,,
remorque,1,,vélos,bagages,attachement,,,voiture,,,remorque,voiture,,,,
remorque,2,,porter,route,transport,,,lourd,,,voiture,permis,,,,
remorque,3,,voitures,voiture,addition,,,derrière,,,caravane,autoroute,,,,
remorque,4,,caravanes,permis,deux roues,,,suivre,,,camionnette,transport,,,,
remorque,5,,camping,conduire,,,,attaché,,,,,,,,
remorque,6,,,Volant,,,,,,,,,,,,
remorque,7,,,,,,,,,,,,,,,
remorque,8,,,,,,,,,,,,,,,
remorque,9,,,,,,,,,,,,,,,
remorque,10,,,,,,,,,,,,,,,
rhinoceros,1,,,,,,,,,corne,T-rex,,,,,
rhinoceros,2,,,,,,,,,zoo,,,,,,
rhinoceros,3,,,,,,,,,safari,,,,,,
rhinoceros,4,,,,,,,,,animal,,,,,,
rhinoceros,5,,,,,,,,,gris,,,,,,
rhinoceros,6,,,,,,,,,quatre pattes,,,,,,
rhinoceros,7,,,,,,,,,courir,,,,,,
rhinoceros,8,,,,,,,,,,,,,,,
rhinoceros,9,,,,,,,,,,,,,,,
rhinoceros,10,,,,,,,,,,,,,,,
sablier,1,bain,temps,temps,temps,temps,temps,temps,Sable,temps,temps,temps,,,,
sablier,2,Spa,sable,passer,sable,passage,seconde,chronomètre,Temps,sable,indéterminable,Aladin,,,,
sablier,3,therme,jeux de société,présent,antiquité,,attente,changer,Jeux,jeux de société,imprédictible,sable,,,,
sablier,4,brosser les dents,jeux de cartes,futur,Grèce,,,renverser,rapidité,famille,,horloge,,,,
sablier,5,compter,le temps qui passe,minute,Rome,,,,,amusement,,,,,,
sablier,6,,,seconde,évaluation,,,,,rigoler,,,,,,
sablier,7,,,heures,,,,,,temps,,,,,,
sablier,8,,,,,,,,,c'est cool,,,,,,
sablier,9,,,,,,,,,,,,,,,
sablier,10,,,,,,,,,,,,,,,
salopette,1,,,,,,,,,combinaison,,,bébé,,,
salopette,2,,,,,,,,,travaux,,,garçon,,,
salopette,3,,,,,,,,,peindre,,,été,,,
salopette,4,,,,,,,,,se salir,,,temps très chaud,,,
salopette,5,,,,,,,,,peinture,,,légère,,,
salopette,6,,,,,,,,,bricolage,,,,,,
salopette,7,,,,,,,,,,,,,,,
salopette,8,,,,,,,,,,,,,,,
salopette,9,,,,,,,,,,,,,,,
salopette,10,,,,,,,,,,,,,,,
sanglier,1,marron,fox-terrier,forêt,brutal,,,cochon,forêt,Astérix,cochon,porc,,,,
sanglier,2,forêt,chasse,cochon,poilu,,,porcinet,Truffe,Obélix,animal,viande,,,,
sanglier,3,dangereux,?,porc,cochon,,,sauvage,sale,grillade,forêt,sauvage,,,,
sanglier,4,chasser,forêt,nourriture,sauvage,,,brun,dangereux,manger,,Proie,,,,
sanglier,5,bois,cochons,plat,,,,petit,poilu,animal,,,,,,
sanglier,6,,phacochère,Noël,,,,grand,,courir,,,,,,
sanglier,7,,,,,,,,,sabot,,,,,,
sanglier,8,,,,,,,,,,,,,,,
sanglier,9,,,,,,,,,,,,,,,
sanglier,10,,,,,,,,,,,,,,,
sarcophage,1,Égypte,Égypte,sarcophage,tombe,Égypte,Égypte,Égypte,,pyramides,momie,Égypte,Pharaon,,,
sarcophage,2,?,pyramides,Pharaon,rites funéraires,,histoire,Momies,,Égypte,Égypte,Toutankhamon,momie,,,
sarcophage,3,cadavres,sable,Egypte,Égypte,,passée,Nile,,découvrir,décoration,pyramide,Égypte,,,
sarcophage,4,pyramide,chaleur,sphinx,décoration,,antique,Riviere,,,ornement,histoire,ancien,,,
sarcophage,5,?,Cléopâtre,Vieux,or,,,Pharaon,,,sacrifice,sacré,très riche,,,
sarcophage,6,,momies,ancient,,,,,,,,riche,Or,,,
sarcophage,7,,tombeaux,,,,,,,,,civilisation,,,,
sarcophage,8,,,,,,,,,,,or,,,,
sarcophage,9,,,,,,,,,,,,,,,
sarcophage,10,,,,,,,,,,,,,,,
saxophone,1,musique,instrument de musique,musique,instrument,,musique,à vent,musique,Musique,jazz,instrument de musique,,,,
saxophone,2,chanter,jazz,instrument,cuivre,,orchestre,instrument,concert,danser,musique,beau,,,,
saxophone,3,concert,or,groupe de musique,jazz,,artiste,flûte,melodie,notes de musique,accords,Or,,,,
saxophone,4,conservatoire,musique,Son,Nouvelle-Orléans,,musicien,guitare,Bruit,partition,flûte,,,,,
saxophone,5,musicien,notes de musique,,groove,,,violon,,piano,clarinette,,,,,
saxophone,6,philharmonique,,,,,,,,flûte à bec,,,,,,
saxophone,7,,,,,,,,,concert,,,,,,
saxophone,8,,,,,,,,,solfège,,,,,,
saxophone,9,,,,,,,,,,,,,,,
saxophone,10,,,,,,,,,,,,,,,
scaphandre,1,sous-marinier,mer,mer,scaphandre,,,,plongée,nager,,sous-marin,,,,
scaphandre,2,expédition,océan,poisson,plongée,,,,lourd,mer,,Eau,,,,
scaphandre,3,Investiger,plongée,Vie marine,19e siècle,,,,immersion,espace,,mer,,,,
scaphandre,4,,sous-marins,,exploration,,,,expérience,Youri-Gagarine,,expédition,,,,
scaphandre,5,,découverte,,protection,,,,,,,,,,,
scaphandre,6,,trésors,,métal,,,,,,,,,,,
scaphandre,7,,,,pression,,,,,,,,,,,
scaphandre,8,,,,,,,,,,,,,,,
scaphandre,9,,,,,,,,,,,,,,,
scaphandre,10,,,,,,,,,,,,,,,
sceptre,1,pouvoir,royauté,,royauté,,,,,roi,,roi,,,,
sceptre,2,état,pouvoir,,clergé,,,,,reine,,famille royale,,,,
sceptre,3,,or,,fonction,,,,,couronne,,très cher,,,,
sceptre,4,,argent,,armes,,,,,gouverner,,or,,,,
sceptre,5,,richesse,,guerre,,,,,princesse,,,,,,
sceptre,6,,monarchie,,statut social,,,,,prince,,,,,,
sceptre,7,,,,,,,,,,,,,,,
sceptre,8,,,,,,,,,,,,,,,
sceptre,9,,,,,,,,,,,,,,,
sceptre,10,,,,,,,,,,,,,,,
scorpion,1,Sarah,tatouage,horoscope,vénéneux,animal,dangereux,dangereux,morsure,signe du zodiaque,lion,Dangereux,signe astrologique,,,
scorpion,2,sable,signe astrologique,zodiaque,arthropode,dangereux,animal,pieds,piqûre,novembre,animal,Peut tuer,dangereux,,,
scorpion,3,chaud,insecte,animal,insecte,piqûre,insecte,noir,mort,nager,sauvage,Egypte,poison,,,
scorpion,4,dangereux,animal,poison ,dangereux,Desert,désert,foncé,dangereux,eau,Afrique,sonde,toxique,,,
scorpion,5,pique,sable,pincement,sable,,,cool,petit,signe d'eau,Arbre,,,,,
scorpion,6,,désert,dangereux,desert,,,,poison,,,,,,,
scorpion,7,,,plage,,,,,,,,,,,,
scorpion,8,,,,,,,,,,,,,,,
scorpion,9,,,,,,,,,,,,,,,
scorpion,10,,,,,,,,,,,,,,,
secateur,1,bois,jardinerie,arbre,,,travail,plante,jardin,couper,pince,construction,fleurs,,,
secateur,2,couper,grands-mères,branche,,,construction,couper,plantes,buisson,opération,bricolage,très sharp,,,
secateur,3,jardinier,buissons,feuille,,,ménage,cultiver,force,rose,bois,outils,jardin,,,
secateur,4,rose,fleurs,plante,,,maison,terre,été,jardiner,construction,techniques,,,,
secateur,5,,roses,soin,,,,Hobby,,râteau,desassemblement,homme,,,,
secateur,6,,piquants,jardin,,,,jardin,,pelle,,,,,,
secateur,7,,,,,,,,,planter,,,,,,
secateur,8,,,,,,,,,jolie,,,,,,
secateur,9,,,,,,,,,belle fleur,,,,,,
secateur,10,,,,,,,,,,,,,,,
seringue,1,infirmière,médecine,solution,médical,médecine,médical,injection,médecin,médicament,injection,,,,,
seringue,2,analyse,drogue,médecin,injection,mesurer,opération,liquide,douleur,drogue,covid,,,,,
seringue,3,sang,hôpitaux,assistante,compression,médicaments,injection,médicament,maladie,hôpital,acide,,,,,
seringue,4,prendre,addiction,hôpital,liquide,liquide,drogue,docteur,,malade,anticorps,,,,,
seringue,5,douleur,maladie,cabinet,,science,médicament,médecin,,urgence,,,,,,
seringue,6,,vaccin,,,expérience,,jouet,,,,,,,,
seringue,7,,,,,,,enfant,,,,,,,,
seringue,8,,,,,,,,,,,,,,,
seringue,9,,,,,,,,,,,,,,,
seringue,10,,,,,,,,,,,,,,,
soufflet,1,feu,,,forgeron,,,,souffle,,,,,,,
soufflet,2,incendie,,,enclume,,,,cheminée,,,,,,,
soufflet,3,cheminet,,,feu,,,,vent,,,,,,,
soufflet,4,,,,air,,,,,,,,,,,
soufflet,5,,,,chaud,,,,,,,,,,,
soufflet,6,,,,travaille,,,,,,,,,,,
soufflet,7,,,,?,,,,,,,,,,,
soufflet,8,,,,,,,,,,,,,,,
soufflet,9,,,,,,,,,,,,,,,
soufflet,10,,,,,,,,,,,,,,,
spatule,1,manger,cuisine,spatule,cuisine,,cuisine,cuisiner,cuisine,cuisiner,cuisiner,cuisine,,,,
spatule,2,chef,crêpes,nourriture,retourner,,manger,variété,bois,plaque de cuisson,faire à manger,plat,,,,
spatule,3,cuisine,oeufs,repas,,,chef,frire,viande,steak haché,table,service,,,,
spatule,4,poêle,remuer,matin-midi-soir,,,alimentation,plastique,,,,manipulation,,,,
spatule,5,frire,poêle,snack,,,,métal,,,,,,,,
spatule,6,,,grignotage,,,,,,,,,,,,
spatule,7,,,des oeufs au plat,,,,,,,,,,,,
spatule,8,,,,,,,,,,,,,,,
spatule,9,,,,,,,,,,,,,,,
spatule,10,,,,,,,,,,,,,,,
stethoscope,1,,,,,,,,,médecin,médecin,,,,,
stethoscope,2,,,,,,,,,pédiatre,cancer,,,,,
stethoscope,3,,,,,,,,,malade,cellule,,,,,
stethoscope,4,,,,,,,,,vérifier,bactérie,,,,,
stethoscope,5,,,,,,,,,étude,virus,,,,,
stethoscope,6,,,,,,,,,poids,battements de cœur,,,,,
stethoscope,7,,,,,,,,,bonne santé,rythme,,,,,
stethoscope,8,,,,,,,,,dossier médical,,,,,,
stethoscope,9,,,,,,,,,,,,,,,
stethoscope,10,,,,,,,,,,,,,,,
tambourin,1,jouer,musique,musique,instrument,,musique,bruit,musique,musique,percussion,Le Bossu de Notre-Dame,,,,
tambourin,2,musique,rythmique,groupe,percussion,,performance,Cymbale,enfance,salle de rythmique,batteur,Cathedral,,,,
tambourin,3,carnaval,école enfantine,son,petites cymbales,,orchestre,musique,jouer,prof de musique,,instrument de musique,,,,
tambourin,4,concert,enfants,ambiance,fête,,artiste,batterie,,danser,,son,,,,
tambourin,5,,bruit,amusement,carnaval,,chanson,métronome,,rythme,,,,,,
tambourin,6,,,,cirque,,,enfants,,chanter,,,,,,
tambourin,7,,,,,,,,,,,,,,,
tambourin,8,,,,,,,,,,,,,,,
tambourin,9,,,,,,,,,,,,,,,
tambourin,10,,,,,,,,,,,,,,,
tapir,1,animal,,,animal,,animal,,,animal,,animal,,,,
tapir,2,fourmi,,,Afrique,,sauvage,,,brun,,odeur,,,,
tapir,3,,,,ongulide ?,,Afrique,,,exotique,,foret,,,,
tapir,4,,,,,,savane,,,quatre pattes,,verdure,,,,
tapir,5,,,,,,,,,,,proie,,,,
tapir,6,,,,,,,,,,,,,,,
tapir,7,,,,,,,,,,,,,,,
tapir,8,,,,,,,,,,,,,,,
tapir,9,,,,,,,,,,,,,,,
tapir,10,,,,,,,,,,,,,,,
taureau,1,,,,,,,,,signe du zodiaque,animaux,,,,,
taureau,2,,,,,,,,,mai,vache,,,,,
taureau,3,,,,,,,,,bouc,rouge,,,,,
taureau,4,,,,,,,,,,sang,,,,,
taureau,5,,,,,,,,,,,,,,,
taureau,6,,,,,,,,,,,,,,,
taureau,7,,,,,,,,,,,,,,,
taureau,8,,,,,,,,,,,,,,,
taureau,9,,,,,,,,,,,,,,,
taureau,10,,,,,,,,,,,,,,,
telescope,1,nuit,lune,espace,étoile,regarder,astronomie,observation,planète,télescope,univers,astronaute,étoiles,,,
telescope,2,étoile,étoiles,étoile,physique,ciel,observations,lune,vue,étoile,planète,étoile,espace,,,
telescope,3,voir,astronomie,planète,trou noir,étoile,scientifique,soleil,grand,étoile filante,soleil,univers,regarder,,,
telescope,4,chercher,astrophysique,astronaute,constellation,,calcul,etoiles,univers,soleil,jupiter,galaxie,très jolie,,,
telescope,5,observatoire,cosmologie,rocket,observation,,distance,nuit,,signe du zodiaque,neptune,expédition,romantique,,,
telescope,6,astronomie,astrologie,,astrophysique,,,photographe,,constellation,uranus,découverte,,,,
telescope,7,,,,astronomie,,,,,,étoiles,nature,,,,
telescope,8,,,,observatoire,,,,,,inconnu,,,,,
telescope,9,,,,,,,,,,,,,,,
telescope,10,,,,,,,,,,,,,,,
tendeur,1,drapeau,,,,,,tendeur,,attacher,,,,,,
tendeur,2,accroché,,,,,,corde,,lier,,,,,,
tendeur,3,?,,,,,,tenir,,métal,,,,,,
tendeur,4,bâtiment,,,,,,attacher,,tissu,,,,,,
tendeur,5,,,,,,,élastique,,,,,,,,
tendeur,6,,,,,,,pliable,,,,,,,,
tendeur,7,,,,,,,,,,,,,,,
tendeur,8,,,,,,,,,,,,,,,
tendeur,9,,,,,,,,,,,,,,,
tendeur,10,,,,,,,,,,,,,,,
theiere,1,,,,,,,,,,,,,,,
theiere,2,,,,,,,,,,,,,,,
theiere,3,,,,,,,,,,,,,,,
theiere,4,,,,,,,,,,,,,,,
theiere,5,,,,,,,,,,,,,,,
theiere,6,,,,,,,,,,,,,,,
theiere,7,,,,,,,,,,,,,,,
theiere,8,,,,,,,,,,,,,,,
theiere,9,,,,,,,,,,,,,,,
theiere,10,,,,,,,,,,,,,,,
tirebouchon,1,,,,,,,,,,,,,,,
tirebouchon,2,,,,,,,,,,,,,,,
tirebouchon,3,,,,,,,,,,,,,,,
tirebouchon,4,,,,,,,,,,,,,,,
tirebouchon,5,,,,,,,,,,,,,,,
tirebouchon,6,,,,,,,,,,,,,,,
tirebouchon,7,,,,,,,,,,,,,,,
tirebouchon,8,,,,,,,,,,,,,,,
tirebouchon,9,,,,,,,,,,,,,,,
tirebouchon,10,,,,,,,,,,,,,,,
totem,1,religion,Indiens,religion,scout,,religion,statue,indien,feu,,aztèque,,,,
totem,2,croir,Aigles,ancien,rituel,,rituel,indiens,bois,bois,,Maya,,,,
totem,3,symbole,animaux,histoire,indien,,sacrifice,bois,structure,sculpté,,Amérique latine,,,,
totem,4,,nature,dieux,naturel,,,brun,,couteau,,histoire,,,,
totem,5,,esprits,,bois,,,feu,,,,monument,,,,
totem,6,,dieux,,,,,,,,,statue,,,,
totem,7,,feux de camp,,,,,,,,,emblème,,,,
totem,8,,Teepee,,,,,,,,,,,,,
totem,9,,Amérique,,,,,,,,,,,,,
totem,10,,,,,,,,,,,,,,,
tripieds,1,mésure,photo,trépied,caméra,,caméra,photographie,photos,photos,cinéma,photographie,,,,
tripieds,2,géologue,? ,caméra,stabilité,,photographie,stabilité,balance,vidéos,prise,caméra,,,,
tripieds,3,architecte,appareils photos,photo,filmer,,stabilité,pieds,pied,précision,photographie,appareil,,,,
tripieds,4,bâtiment,images,paysage,gyroscope,,optique,trois,,stabilité,scène,art,,,,
tripieds,5,hauteur,films,forêt,,,,,,film,Hollywood,soutien,,,,
tripieds,6,distance,cinéma,coucher de soleil,,,,,,trois,,maintien,,,,
tripieds,7,,,couleur,,,,,,pieds,,,,,,
tripieds,8,,,maman,,,,,,,,,,,,
tripieds,9,,,souvenir,,,,,,,,,,,,
tripieds,10,,,,,,,,,,,,,,,
tringle,1,règle,,,,,,,,rideau,,,rideau,,,
tringle,2,,,,,,,,,cacher,,,barre,,,
tringle,3,,,,,,,,,fermer,,,fenêtre,,,
tringle,4,,,,,,,,,ouvrir,,,maison,,,
tringle,5,,,,,,,,,luminosité,,,,,,
tringle,6,,,,,,,,,soleil,,,,,,
tringle,7,,,,,,,,,chambre,,,,,,
tringle,8,,,,,,,,,pièce-salon,,,,,,
tringle,9,,,,,,,,,laver,,,,,,
tringle,10,,,,,,,,,,,,,,,
tronconneuse,1,,,,,,,,,Massacre à la tronçonneuse,désassembler,,,,,
tronconneuse,2,,,,,,,,,film d'horreur,miettes,,,,,
tronconneuse,3,,,,,,,,,peur,partie,,,,,
tronconneuse,4,,,,,,,,,courir,pièces,,,,,
tronconneuse,5,,,,,,,,,horreur,tranche,,,,,
tronconneuse,6,,,,,,,,,pas dormir,,,,,,
tronconneuse,7,,,,,,,,,,,,,,,
tronconneuse,8,,,,,,,,,,,,,,,
tronconneuse,9,,,,,,,,,Nuit blanc,,,,,,
tronconneuse,10,,,,,,,,,,,,,,,
truelle,1,,,,,,,,,,,,,,,
truelle,2,,,,,,,,,,,,,,,
truelle,3,,,,,,,,,,,,,,,
truelle,4,,,,,,,,,,,,,,,
truelle,5,,,,,,,,,,,,,,,
truelle,6,,,,,,,,,,,,,,,
truelle,7,,,,,,,,,,,,,,,
truelle,8,,,,,,,,,,,,,,,
truelle,9,,,,,,,,,,,,,,,
truelle,10,,,,,,,,,,,,,,,
violon,1,,,,,,,,,,,,,,,
violon,2,,,,,,,,,,,,,,,
violon,3,,,,,,,,,,,,,,,
violon,4,,,,,,,,,,,,,,,
violon,5,,,,,,,,,,,,,,,
violon,6,,,,,,,,,,,,,,,
violon,7,,,,,,,,,,,,,,,
violon,8,,,,,,,,,,,,,,,
violon,9,,,,,,,,,,,,,,,
violon,10,,,,,,,,,,,,,,,
xylophone,1,,,,,,,,,xylophone,instrument,,,,,
xylophone,2,,,,,,,,,musique,musical,,,,,
xylophone,3,,,,,,,,,cours de musique,bruit,,,,,
xylophone,4,,,,,,,,,cycle,sont,,,,,
xylophone,5,,,,,,,,,groupe de musique,perturbé,,,,,
xylophone,6,,,,,,,,,prof de musique,,,,,,
xylophone,7,,,,,,,,,,,,,,,
xylophone,8,,,,,,,,,,,,,,,
xylophone,9,,,,,,,,,,,,,,,
xylophone,10,,,,,,,,,,,,,,,