word,S7,S12,S15,S21,S22,S23,S30,S34,S57,S64,S65,S67,associations
['abeill'],['miel'],['instr'],['ruche'],['miel'],['instr'],['instr'],['voler'],['instr'],['voler'],['miel'],['miel'],[],[]
['abeill'],['ruche'],[],['miel'],['ruche'],[],[],['jeune'],[],['miel'],['arbre'],['nature'],[],[]
['abeill'],['reine'],[],['bourdon'],['fleur'],[],[],['noir'],[],['guêpe'],['erbe'],['reine'],[],[]
['abeill'],['chemin'],[],[],['pollinisation'],[],[],['miel'],[],['piquer'],[],[],[],[]
['abeill'],[],[],[],[],[],[],['ruche'],[],"['faire', 'mal']",[],[],[],[]
['abeill'],[],[],[],[],[],[],[],[],[],[],[],[],[]
['abeill'],[],[],[],[],[],[],[],[],[],[],[],[],[]
['abeill'],[],[],[],[],[],[],[],[],[],[],[],[],[]
['abeill'],[],[],[],[],[],[],[],[],[],[],[],[],[]
['abeill'],[],[],[],[],[],[],[],[],[],[],[],[],[]
['accordéon'],['musique'],['musique'],['musique'],['musique'],[],['musique'],[],['musique'],['musique'],['instrument'],['tramway'],"['instrument', 'medical', 'musical']",[]
['accordéon'],['danse'],['bar'],['rome'],['rue'],[],['traditionel'],['musique'],['difficile'],['danser'],['musique'],['musique'],['musique'],[]
['accordéon'],['ballet'],['bus'],['vol'],['folklore'],[],['performance'],['chiant'],[],['piano'],['guitar'],['pari'],['fribourg'],[]
['accordéon'],['russie'],['partition'],['argent'],['difficile'],[],['artiste'],['bruit'],['bouton'],['air'],['piano'],['romantique'],['chanson'],[]
['accordéon'],"['lac', 'de', 'cygne']",[],[],['rouge'],[],['chanson'],"['pas', 'joli']",['rouge'],['son'],"['guitar', 'electriqu']",['instrument'],['français'],[]
['accordéon'],[],[],[],['air'],[],[],[],[],['entendre'],['clavier'],['musique'],[],[]
['accordéon'],[],[],[],[],[],[],[],[],['ecouter'],[],['son'],[],[]
['accordéon'],[],[],[],[],[],[],[],[],[],[],['melodieux'],[],[]
['accordéon'],[],[],[],[],[],[],[],[],[],[],[],[],[]
['accordéon'],[],[],[],[],[],[],[],[],[],[],[],[],[]
['agrafe'],['presse'],['feuille'],['papier'],['paquet'],[],['papier'],['feuille'],[],['agrafer'],[],[],[],[]
['agrafe'],['papier'],['ecole'],['travail'],['document'],[],['document'],['emprimer'],['papier'],['document'],[],[],[],[]
['agrafe'],['scolaire'],['devoir'],['emprimente'],['agrafer'],[],['travail'],['papier'],['machine'],['garder'],[],[],[],[]
['agrafe'],['cancellerie'],['stylo'],['photocopieur'],['ressembler'],[],[],['gris'],['faire'],['propre'],[],[],[],[]
['agrafe'],[],['agrafeuse'],[],['maintenir'],[],[],['mal'],['bruit'],['classer'],[],[],[],[]
['agrafe'],[],['ciseau'],[],[],[],[],['douleur'],[],[],[],[],[],[]
['agrafe'],[],[],[],[],[],[],[],[],[],[],[],[],[]
['agrafe'],[],[],[],[],[],[],[],[],[],[],[],[],[]
['agrafe'],[],[],[],[],[],[],[],[],[],[],[],[],[]
['agrafe'],[],[],[],[],[],[],[],[],[],[],[],[],[]
['anguille'],['mer'],['electricité'],[],['poisson'],[],[],['electriqu'],['glisser'],['nager'],['serpent'],[],['eau'],[]
['anguille'],"['dessin', 'animer', 'de', 'disney']",['snorkeling'],[],['long'],[],[],['japon'],['grand'],['manger'],['mer'],[],['riviere'],[]
['anguille'],[],['mer'],[],['ondulation'],[],[],['bon'],['noir'],['chasser'],"['fruit', 'de', 'mer']",[],['mer'],[]
['anguille'],[],['ocean'],[],['noir'],[],[],['manger'],['haut'],['poisson'],[],[],[],[]
['anguille'],[],['corail'],[],['visqueux'],[],[],['sushi'],[],['griller'],[],[],[],[]
['anguille'],[],['poisson'],[],[],[],[],['riz'],[],['asaisoné'],[],[],[],[]
['anguille'],[],[],[],[],[],[],[],[],[],[],[],[],[]
['anguille'],[],[],[],[],[],[],[],[],[],[],[],[],[]
['anguille'],[],[],[],[],[],[],[],[],[],[],[],[],[]
['anguille'],[],[],[],[],[],[],[],[],[],[],[],[],[]
['arbalète'],['guerre'],"['le', 'film', 'rebel']",[],[],[],['guerre'],[],['flèche'],['tirer'],['arc'],"['moyen', 'age']",[],[]
['arbalète'],"['moyen', 'age']",['chasse'],[],['armure'],[],['combat'],[],['guerre'],['tuer'],['fleche'],['defense'],[],[]
['arbalète'],['bataille'],['chasseur'],[],"['moyen', 'age']",[],['dangereux'],[],"['moyen', 'age']",['chasser'],['tirer'],['combat'],[],[]
['arbalète'],['soldat'],['fusil'],[],['cruel'],[],['mort'],[],['bois'],['manger'],['cible'],['bataille'],[],[]
['arbalète'],[],['arme'],[],['destructeur'],[],['blesser'],[],[],['fourrure'],['chasser'],['fleche'],[],[]
['arbalète'],[],"['tire', 'à', 'larc']",[],['dur'],[],['tuer'],[],[],[],[],['narnia'],[],[]
['arbalète'],[],[],[],[],[],[],[],[],[],[],[],[],[]
['arbalète'],[],[],[],[],[],[],[],[],[],[],[],[],[]
['arbalète'],[],[],[],[],[],[],[],[],[],[],[],[],[]
['arbalète'],[],[],[],[],[],[],[],[],[],[],[],[],[]
['artichaut'],[],[],[],[],[],[],[],[],[],[],[],[],[]
['artichaut'],[],[],[],[],[],[],[],[],[],[],[],[],[]
['artichaut'],[],[],[],[],[],[],[],[],[],[],[],[],[]
['artichaut'],[],[],[],[],[],[],[],[],[],[],[],[],[]
['artichaut'],[],[],[],[],[],[],[],[],[],[],[],[],[]
['artichaut'],[],[],[],[],[],[],[],[],[],[],[],[],[]
['artichaut'],[],[],[],[],[],[],[],[],[],[],[],[],[]
['artichaut'],[],[],[],[],[],[],[],[],[],[],[],[],[]
['artichaut'],[],[],[],[],[],[],[],[],[],[],[],[],[]
['artichaut'],[],[],[],[],[],[],[],[],[],[],[],[],[]
['asperge'],[],['vert'],['salade'],['poisson'],['vegetal'],['vegetal'],['legume'],['vert'],['asaisoner'],[],['salade'],['verdure'],[]
['asperge'],[],['cuisine'],['santé'],['vert'],['vert'],['sain'],['puer'],['sauce'],['manger'],[],['bon'],['vert'],[]
['asperge'],[],['huil'],['vert'],['long'],['cuisiner'],['nutrition'],['pipier'],[],"['avec', 'un', 'sauce']",[],['santé'],['vapeur'],[]
['asperge'],[],['couteau'],['croquant'],[],[],[],['long'],[],['vapeur'],[],[],[],[]
['asperge'],[],['fourchette'],['delicieux'],[],[],[],['mayonnaise'],[],['vitamine'],[],[],[],[]
['asperge'],[],['verre'],[],[],[],[],['bon'],[],[],[],[],[],[]
['asperge'],[],['assiette'],[],[],[],[],[],[],[],[],[],[],[]
['asperge'],[],[],[],[],[],[],[],[],[],[],[],[],[]
['asperge'],[],[],[],[],[],[],[],[],[],[],[],[],[]
['autruche'],['nid'],['sable'],['animal'],['oiseau'],[],['afrique'],['rapide'],['plume'],['tête'],['oiseau'],['tête'],"['pouvoir', 'juste', 'courir']",[]
['autruche'],['courir'],['aile'],"['jardin', 'botanique']",['aggressif'],[],['sauvage'],['grand'],['dangereux'],['cacher'],['ail'],['cou'],"['tre', 'vite']",[]
['autruche'],[],['plume'],['sauvage'],['plume'],[],"['zoo', 'park']","['un', 'oeuf']",['vite'],['courir'],['ciel'],['animal'],[],[]
['autruche'],[],"['le', 'œuf']","['de', 'oeuf']",['rapide'],[],[],[],[],[],['nuage'],['terre'],[],[]
['autruche'],[],['grand'],[],[],[],[],[],[],[],['montagne'],['protection'],[],[]
['autruche'],[],"['courire', 'course']",[],[],[],[],[],[],[],[],[],[],[]
['autruche'],[],['vite'],[],[],[],[],[],[],[],[],[],[],[]
['autruche'],[],[],[],[],[],[],[],[],[],[],[],[],[]
['autruche'],[],[],[],[],[],[],[],[],[],[],[],[],[]
['auvent'],"['proteger', 'lentree']",[],[],[],[],[],[],[],['hotel'],['parapluie'],['protection'],[],[]
['auvent'],"['porte', 'dentre']",[],[],[],[],[],[],[],['pluie'],['soleil'],['soleil'],[],[]
['auvent'],['vent'],[],[],[],[],[],[],[],['cache'],['jupiter'],[],[],[]
['auvent'],['soleil'],[],[],[],[],[],[],[],['restaurer'],['mars'],[],[],[]
['auvent'],[],[],[],[],[],[],[],[],[],[],[],[],[]
['auvent'],[],[],[],[],[],[],[],[],[],[],[],[],[]
['auvent'],[],[],[],[],[],[],[],[],[],[],[],[],[]
['auvent'],[],[],[],[],[],[],[],[],[],[],[],[],[]
['auvent'],[],[],[],[],[],[],[],[],[],[],[],[],[]
['banjo'],['musique'],[],[],['instrument'],[],[],['instrument'],[],[],[],"['instrument', 'musiqu']",[],[]
['banjo'],['chanteur'],[],[],['musique'],[],[],['guitar'],[],[],[],['son'],[],[]
['banjo'],['fête'],[],[],"['etat', 'uni']",[],[],['violon'],[],[],[],['vibration'],[],[]
['banjo'],[],[],[],['lousiane'],[],[],['accorder'],[],[],[],['guitar'],[],[]
['banjo'],[],[],[],[],[],[],['acoustique'],[],[],[],[],[],[]
['banjo'],[],[],[],[],[],[],[],[],[],[],[],[],[]
['banjo'],[],[],[],[],[],[],[],[],[],[],[],[],[]
['banjo'],[],[],[],[],[],[],[],[],[],[],[],[],[]
['banjo'],[],[],[],[],[],[],[],[],[],[],[],[],[]
['banjo'],[],[],[],[],[],[],[],[],[],[],[],[],[]
['baudrier'],['enfant'],['harnet'],[],['grimper'],[],[],['escalader'],[],['escalade'],['escalade'],['enfant'],[],[]
['baudrier'],['jeu'],['escalade'],[],['grimper'],[],[],['protection'],[],"['moniteur', 'descalade']",['protection'],['bebe'],[],[]
['baudrier'],['escalier'],['grimper'],[],['securité'],[],[],['grimper'],[],['arbre'],['chute'],['dos'],[],[]
['baudrier'],['escalade'],['saut'],[],[],[],[],['cirque'],[],['accrobranche'],['parachute'],['promenade'],[],[]
['baudrier'],['randonnée'],['hauter'],[],[],[],[],['stunt'],[],['sport'],['grimper'],[],[],[]
['baudrier'],[],['danger'],[],[],[],[],[],[],['nature'],['prise'],[],[],[]
['baudrier'],[],['sport'],[],[],[],[],[],[],['dehor'],[],[],[],[]
['baudrier'],[],[],[],[],[],[],[],[],[],[],[],[],[]
['baudrier'],[],[],[],[],[],[],[],[],[],[],[],[],[]
['baudrier'],[],[],[],[],[],[],[],[],[],[],[],[],[]
['bouclier'],['epaule'],[],[],['armure'],[],[],['guerre'],['guerre'],['proteger'],['protection'],['armure'],[],[]
['bouclier'],['bataille'],[],[],['épée'],[],[],"['moyen', 'age']",['protection'],['guerre'],['épée'],['épée'],[],[]
['bouclier'],['guerre'],[],[],['marteau'],[],[],['épée'],['bois'],['épée'],['dragon'],"['moyen', 'age']",[],[]
['bouclier'],[],[],[],"['moyen', 'age']",[],[],['protection'],"['moyen', 'age']","['se', 'battre']",['prince'],['chevalier'],[],[]
['bouclier'],[],[],[],[],[],[],['violence'],[],['proteger'],['princesse'],['combat'],[],[]
['bouclier'],[],[],[],[],[],[],[],[],['sabre'],['bataille'],['protection'],[],[]
['bouclier'],[],[],[],[],[],[],[],[],[],['meurtre'],[],[],[]
['bouclier'],[],[],[],[],[],[],[],[],[],[],[],[],[]
['bouclier'],[],[],[],[],[],[],[],[],[],[],[],[],[]
['bouclier'],[],[],[],[],[],[],[],[],[],[],[],[],[]
['boulier'],['conter'],['math'],[],['matematiqu'],[],[],['calculer'],[],"['un', 'bille']",[],[],[],[]
['boulier'],['enfant'],['enfance'],[],['grec'],[],[],['chine'],[],['calculer'],[],[],[],[]
['boulier'],['jeu'],['jeu'],[],['antique'],[],[],['math'],[],['math'],[],[],[],[]
['boulier'],['chiffre'],['equation'],[],['vieux'],[],[],['boule'],[],['couleur'],[],[],[],[]
['boulier'],[],['addition'],[],"['conter', 'à', 'le', 'main']",[],[],['statistique'],[],['dire'],[],[],[],[]
['boulier'],[],['finance'],[],[],[],[],[],[],['classer'],[],[],[],[]
['boulier'],[],[],[],[],[],[],[],[],"['faire', 'un', 'calcule']",[],[],[],[]
['boulier'],[],[],[],[],[],[],[],[],[],[],[],[],[]
['boulier'],[],[],[],[],[],[],[],[],[],[],[],[],[]
['boulier'],[],[],[],[],[],[],[],[],[],[],[],[],[]
['calamar'],"['fruit', 'de', 'mer']",['mer'],['mer'],['ocean'],[],[],['frire'],['ocean'],['manger'],[],['crevette'],['delicieux'],[]
['calamar'],['manger'],['pulpe'],['poisson'],['profond'],[],[],['mediteranne'],['tentacule'],['salade'],[],"['fruit', 'de', 'mer']",['gris'],[]
['calamar'],"['odeur', 'de', 'mer']",['medue'],['corail'],['nocturne'],[],[],['ocean'],['manger'],['nager'],[],['nouritture'],['soupe'],[]
['calamar'],['salé'],['poisson'],"['vie', 'marine']",['geer'],[],[],['grand'],[],['poisson'],[],"['eau', 'saler']","['pomme', 'de', 'terre']",[]
['calamar'],['poisson'],['nouritture'],[],['tentacule'],[],[],['petit'],[],['ocean'],[],['ocean'],['mer'],[]
['calamar'],['ocean'],['citron'],[],[],[],[],['rose'],[],['mer'],[],[],[],[]
['calamar'],[],['alghe'],[],[],[],[],['brun'],[],['sel'],[],[],[],[]
['calamar'],[],['soleil'],[],[],[],[],[],[],[],[],[],[],[]
['calamar'],[],[],[],[],[],[],[],[],[],[],[],[],[]
['calamar'],[],[],[],[],[],[],[],[],[],[],[],[],[]
['cameleon'],['amazonie'],"['changer', 'de', 'couleur']",['couleur'],['animal'],['animal'],['animal'],['changer'],['collard'],"['changer', 'de', 'couleur']",['couleur'],['couleur'],"['changer', 'de', 'couleur']",[]
['cameleon'],['savanne'],"['reponse', 'le', 'film']",['nature'],['camouflage'],['camouflage'],['couleur'],['camoufler'],['trident'],['couleur'],['changement'],['langue'],['tropical'],[]
['cameleon'],['chaud'],['animal'],['foret'],['lézard'],['couleur'],['camouflage'],['langue'],['changement'],['sadapter'],['adaptation'],['camouflage'],"['tre', 'rare']",[]
['cameleon'],"['changer', 'le', 'couleur']",['foret'],['arbre'],['insectivor'],['arbre'],['sauvage'],['insect'],['langue'],['arbre'],['foret'],['protection'],['etrang'],[]
['cameleon'],[],['couleur'],['feuille'],[],[],['amical'],['couleur'],[],['environment'],[],['oeil'],[],[]
['cameleon'],[],[],['mouche'],[],[],[],['bois'],[],['animal'],[],['colorer'],[],[]
['cameleon'],[],[],['insect'],[],[],[],[],[],[],[],['beau'],[],[]
['cameleon'],[],[],['langue'],[],[],[],[],[],[],[],[],[],[]
['cameleon'],[],[],[],[],[],[],[],[],[],[],[],[],[]
['cameleon'],[],[],[],[],[],[],[],[],[],[],[],[],[]
['carillon'],['musique'],[],[],[],[],['musique'],['musique'],[],['musique'],[],"['instrument', 'musiqu']",[],[]
['carillon'],['jouer'],[],[],[],[],['instrument'],['baton'],[],['fëte'],[],['bruit'],[],[]
['carillon'],['concert'],[],[],[],[],['orchestre'],['tapper'],[],['melodie'],[],['melodieux'],[],[]
['carillon'],['conservatoire'],[],[],[],[],['chanson'],[],[],['danser'],[],[],[],[]
['carillon'],['teatre'],[],[],[],[],['artiste'],[],[],['note'],[],[],[],[]
['carillon'],[],[],[],[],[],['performance'],[],[],[],[],[],[],[]
['carillon'],[],[],[],[],[],[],[],[],[],[],[],[],[]
['carillon'],[],[],[],[],[],[],[],[],[],[],[],[],[]
['carillon'],[],[],[],[],[],[],[],[],[],[],[],[],[]
['carillon'],[],[],[],[],[],[],[],[],[],[],[],[],[]
['catapulte'],['pierre'],['medieval'],"['vieux', 'epoque']",['roman'],['lancer'],['guerre'],['cannon'],['guerre'],['guerre'],['protection'],"['moyen', 'age']",[],[]
['catapulte'],['fortress'],['chevalier'],['torture'],['siege'],['bois'],['siege'],"['moyen', 'age']",['bois'],"['moyen', 'age']",['bois'],['combat'],[],[]
['catapulte'],['muraill'],['château'],['chateau'],['pierre'],[],['attaque'],['guerre'],['force'],['bois'],['bombe'],['defense'],[],[]
['catapulte'],['geter'],['fortresse'],[],['maladie'],[],['fortress'],['antiquité'],['rapide'],['feu'],['attaque'],['technique'],[],[]
['catapulte'],['guerre'],['arme'],[],['strategie'],[],[],['violence'],[],['incendie'],['chateau'],['decouverte'],[],[]
['catapulte'],[],['mort'],[],['destruction'],[],[],['tirer'],[],['bruler'],['roman'],['innovation'],[],[]
['catapulte'],[],['guerre'],[],['attaque'],[],[],[],[],['etandre'],['greque'],['combat'],[],[]
['catapulte'],[],['soldat'],[],"['non', 'defensiv']",[],[],[],[],['eau'],[],['strategie'],[],[]
['catapulte'],[],[],[],[],[],[],[],[],[],[],[],[],[]
['catapulte'],[],[],[],[],[],[],[],[],[],[],[],[],[]
['celeri'],[],[],[],[],[],[],[],[],['salade'],[],[],"['tre', 'bon', 'pour', 'le', 'santé']",[]
['celeri'],[],[],[],[],[],[],[],[],['mager'],[],[],['soupe'],[]
['celeri'],[],[],[],[],[],[],[],[],['sauce'],[],[],['quiche'],[]
['celeri'],[],[],[],[],[],[],[],[],['legume'],[],[],['degoutant'],[]
['celeri'],[],[],[],[],[],[],[],[],['vert'],[],[],[],[]
['celeri'],[],[],[],[],[],[],[],[],['planter'],[],[],[],[]
['celeri'],[],[],[],[],[],[],[],[],['plantation'],[],[],[],[]
['celeri'],[],[],[],[],[],[],[],[],[],[],[],[],[]
['celeri'],[],[],[],[],[],[],[],[],[],[],[],[],[]
['celeri'],[],[],[],[],[],[],[],[],[],[],[],[],[]
['chalumeau'],['feu'],['marshmellow'],[],[],[],[],['feu'],['feu'],['chimie'],['flame'],[],[],[]
['chalumeau'],['bois'],['cuisine'],[],[],[],[],['cuire'],['chaud'],['camping'],['allumette'],[],[],[]
['chalumeau'],['odeur'],['chauffer'],[],[],[],[],['chaleur'],['dangereux'],['allumer'],['briquet'],[],[],[]
['chalumeau'],['chaminet'],"['le', 'feu']",[],[],[],[],['manger'],['ga'],['feu'],['cigarette'],[],[],[]
['chalumeau'],[],['bruler'],[],[],[],[],[],[],"['se', 'rechauffer']",['rouler'],[],[],[]
['chalumeau'],[],[],[],[],[],[],[],[],['allumette'],['tabac'],[],[],[]
['chalumeau'],[],[],[],[],[],[],[],[],['briquet'],[],[],[],[]
['chalumeau'],[],[],[],[],[],[],[],[],['fumer'],[],[],[],[]
['chalumeau'],[],[],[],[],[],[],[],[],[],[],[],[],[]
['chalumeau'],[],[],[],[],[],[],[],[],[],[],[],[],[]
['charniere'],['porte'],['porte'],[],['usine'],[],[],[],[],[],[],[],[],[]
['charniere'],['ouvrir'],"['moment', 'charniere']",[],['porte'],[],[],[],[],[],[],[],[],[]
['charniere'],['vis'],['serrure'],[],['mechanism'],[],[],[],[],[],[],[],[],[]
['charniere'],['accrocher'],"['poignée', 'de', 'porte']",[],['cuir'],[],[],[],[],[],[],[],[],[]
['charniere'],[],['bois'],[],[],[],[],[],[],[],[],[],[],[]
['charniere'],[],[],[],[],[],[],[],[],[],[],[],[],[]
['charniere'],[],[],[],[],[],[],[],[],[],[],[],[],[]
['charniere'],[],[],[],[],[],[],[],[],[],[],[],[],[]
['charniere'],[],[],[],[],[],[],[],[],[],[],[],[],[]
['charniere'],[],[],[],[],[],[],[],[],[],[],[],[],[]
['chat'],['nourriture'],['canapé'],['lit'],['poil'],['petit'],['jouer'],['felin'],[],['chaton'],['chien'],['animal'],['instr'],[]
['chat'],['chien'],['animal'],['poil'],['animal'],['mignon'],['animal'],['mammifere'],[],['beau'],['animal'],['felin'],[],[]
['chat'],['mettre'],['chien'],['amour'],['felin'],['animal'],['felin'],['chien'],[],['mignon'],['domestique'],['mignon'],[],[]
['chat'],[],['compagnie'],['calin'],['mammifere'],['gentil'],['mignon'],['fourrure'],[],['adorable'],['maison'],[],[],[]
['chat'],[],['griffe'],['nouritture'],[],[],[],['poil'],[],[],['meuble'],[],[],[]
['chat'],[],['blessure'],['litière'],[],[],[],[],[],[],[],[],[],[]
['chat'],[],[],[],[],[],[],[],[],[],[],[],[],[]
['chat'],[],[],[],[],[],[],[],[],[],[],[],[],[]
['chat'],[],[],[],[],[],[],[],[],[],[],[],[],[]
['chat'],[],[],[],[],[],[],[],[],[],[],[],[],[]
['chaussette'],[],[],[],[],[],[],[],[],[],[],[],[],[]
['chaussette'],[],[],[],[],[],[],[],[],[],[],[],[],[]
['chaussette'],[],[],[],[],[],[],[],[],[],[],[],[],[]
['chaussette'],[],[],[],[],[],[],[],[],[],[],[],[],[]
['chaussette'],[],[],[],[],[],[],[],[],[],[],[],[],[]
['chaussette'],[],[],[],[],[],[],[],[],[],[],[],[],[]
['chaussette'],[],[],[],[],[],[],[],[],[],[],[],[],[]
['chaussette'],[],[],[],[],[],[],[],[],[],[],[],[],[]
['chaussette'],[],[],[],[],[],[],[],[],[],[],[],[],[]
['chaussette'],[],[],[],[],[],[],[],[],[],[],[],[],[]
['chevalet'],['dessin'],['canva'],[],[],[],[],['peindre'],['peinture'],['dessiner'],['toile'],['peinture'],['dessiner'],[]
['chevalet'],['artiste'],"['le', 'peinture']",[],[],[],[],['reinassance'],['couleur'],['peindre'],['peinture'],['huil'],['acril'],[]
['chevalet'],['peintre'],['artiste'],[],[],[],[],"['leonardo', 'da', 'vinci']",['paysage'],['peinture'],['art'],['tableau'],['paysage'],[]
['chevalet'],['toile'],['artiste'],[],[],[],[],['toile'],[],"['histoire', 'de', 'lart']",['brosee'],['fresque'],['portrer'],[]
['chevalet'],['pincal'],['acriliqu'],[],[],[],[],['blanc'],[],['observer'],"['van', 'gogh']",['art'],['artiste'],[]
['chevalet'],[],['pincal'],[],[],[],[],['art'],[],['musee'],[],['picasso'],[],[]
['chevalet'],[],[],[],[],[],[],['artiste'],[],['peinture'],[],['modern'],[],[]
['chevalet'],[],[],[],[],[],[],[],[],['pincal'],[],[],[],[]
['chevalet'],[],[],[],[],[],[],[],[],[],[],[],[],[]
['chevalet'],[],[],[],[],[],[],[],[],[],[],[],[],[]
['cintre'],[],[],[],[],[],[],[],[],[],[],[],[],[]
['cintre'],[],[],[],[],[],[],[],[],[],[],[],[],[]
['cintre'],[],[],[],[],[],[],[],[],[],[],[],[],[]
['cintre'],[],[],[],[],[],[],[],[],[],[],[],[],[]
['cintre'],[],[],[],[],[],[],[],[],[],[],[],[],[]
['cintre'],[],[],[],[],[],[],[],[],[],[],[],[],[]
['cintre'],[],[],[],[],[],[],[],[],[],[],[],[],[]
['cintre'],[],[],[],[],[],[],[],[],[],[],[],[],[]
['cintre'],[],[],[],[],[],[],[],[],[],[],[],[],[]
['cintre'],[],[],[],[],[],[],[],[],[],[],[],[],[]
['clarinette'],['musique'],['musique'],[],['instrument'],[],['musique'],['musique'],[],['musique'],['flute'],[],[],[]
['clarinette'],['orchestre'],"['musique', 'classique']",[],['vent'],[],['orchestre'],['instrument'],[],['piano'],['souffler'],[],[],[]
['clarinette'],['applaudir'],['concert'],[],['milieu'],[],['artiste'],['bruit'],[],['danser'],['musique'],[],[],[]
['clarinette'],['chanter'],"['spectacle', 'doper']",[],['orchestre'],[],['chanson'],['vent'],[],"['note', 'de', 'musique']",['note'],[],[],[]
['clarinette'],[],[],[],['nasal'],[],[],['saxophone'],[],['solfege'],['accord'],[],[],[]
['clarinette'],[],[],[],[],[],[],['trompette'],[],"['prof', 'de', 'piano']",[],[],[],[]
['clarinette'],[],[],[],[],[],[],['charleston'],[],[],[],[],[],[]
['clarinette'],[],[],[],[],[],[],[],[],[],[],[],[],[]
['clarinette'],[],[],[],[],[],[],[],[],[],[],[],[],[]
['clarinette'],[],[],[],[],[],[],[],[],[],[],[],[],[]
['colibri'],['vitesse'],"['le', 'vacance']",['oiseau'],['vitesse'],['oiseau'],['oiseau'],['hirondelle'],['couleur'],['voler'],['couleur'],['oiseau'],"['tre', 'petit']",[]
['colibri'],['voler'],['fleure'],['fleur'],['oiseau'],['rapide'],['petit'],['oiseau'],['voyage'],['couleur'],['voler'],['bruit'],['colorer'],[]
['colibri'],['fleur'],['sucre'],['ibiscus'],['vert'],['petit'],['couleur'],['voler'],['bec'],['oiseau'],['petit'],['chant'],['tropical'],[]
['colibri'],['nectare'],['nectar'],['couleur'],['rapide'],['fleur'],['pollen'],['rapide'],['chant'],"['ver', 'de', 'terre']",['oiseau'],['printemps'],"['jamais', 'voir']",[]
['colibri'],['minuscule'],['aile'],['silence'],['petit'],[],['fleur'],['long'],[],['bec'],[],['soleil'],[],[]
['colibri'],[],['rapidité'],['joli'],[],[],[],['haut'],[],['aile'],[],['arbre'],[],[]
['colibri'],[],['vol'],['mignon'],[],[],[],['hydratation'],[],['patte'],[],['feuille'],[],[]
['colibri'],[],[],[],[],[],[],[],[],[],[],['nid'],[],[]
['colibri'],[],[],[],[],[],[],[],[],[],[],[],[],[]
['colibri'],[],[],[],[],[],[],[],[],[],[],[],[],[]
['compas'],['matematiqu'],['devoir'],['math'],[],['math'],['matematiqu'],['math'],['precision'],['tracer'],['equerre'],[],[],[]
['compas'],['geographie'],['rond'],['cercle'],[],['dessiner'],['ecole'],['geometrie'],['rond'],['math'],['feuille'],[],[],[]
['compas'],['ecole'],"['ecole', 'primaire']",['angle'],[],['cercle'],['travail'],['platon'],['ecole'],['cercle'],['geometrie'],[],[],[]
['compas'],"['marrant', 'marin']",['feuille'],['calculer'],[],[],['calculer'],['statistique'],['matematiqu'],['calculer'],['aritmetiqu'],[],[],[]
['compas'],['bateau'],['maitresse'],['exercise'],[],[],['physique'],[],['enfance'],['angle'],['espace'],[],[],[]
['compas'],['capitain'],['prof'],['ecole'],[],[],[],[],[],['circonference'],[],[],[],[]
['compas'],[],['pupitre'],['cour'],[],[],[],[],[],[],[],[],[],[]
['compas'],[],[],['professeur'],[],[],[],[],[],[],[],[],[],[]
['compas'],[],[],['stylo'],[],[],[],[],[],[],[],[],[],[]
['compas'],[],[],[],[],[],[],[],[],[],[],[],[],[]
['cor'],[],['chasse'],['medicine'],['instrument'],[],[],['musique'],['bruit'],['trompette'],['saxophone'],[],[],[]
['cor'],[],['trompette'],[],['orchestre'],[],[],['instrument'],['musique'],['musique'],['flûte'],[],[],[]
['cor'],[],['chien'],[],['mélodie'],[],[],['flûte'],"['pays', 'de', 'nord']",['orchestre'],['clarinette'],[],[],[]
['cor'],[],['fusil'],[],['sonnette'],[],[],"['à', 'vent']",[],"['grand', 'théâtre']",['musique'],[],[],[]
['cor'],[],[],[],[],[],[],['saxophone'],[],['champagne'],['instrument'],[],[],[]
['cor'],[],[],[],[],[],[],['guitare'],[],['musique'],['accord'],[],[],[]
['cor'],[],[],[],[],[],[],[],[],[],['jazz'],[],[],[]
['cor'],[],[],[],[],[],[],[],[],[],[],[],[],[]
['cor'],[],[],[],[],[],[],[],[],[],[],[],[],[]
['cor'],[],[],[],[],[],[],[],[],[],[],[],[],[]
['corail'],['mer'],['mer'],['mer'],['multicellulaire'],['eau'],"['sou', 'marin']",['poisson'],['océan'],"['fond', 'marin']",['corail'],['ocean'],['mer'],[]
['corail'],[],['pollution'],['poisson'],['vivant'],['couleur'],['aquatique'],['némo'],['australie'],['poisson'],"['fruit', 'de', 'mer']",['pollution'],['diving'],[]
['corail'],['beauté'],['snorkeling'],"['vie', 'marine']",['réchauffement'],[],['végétal'],['couleur'],['danger'],['exotique'],['mer'],['beau'],['joli'],[]
['corail'],['poisson'],['mort'],"['chauffement', 'climatique']",[],[],['inanimé'],['mer'],['fragile'],['pêche'],['océan'],['muraill'],"['différent', 'couleur']",[]
['corail'],['vie'],['poisson'],[],[],[],[],['océan'],[],['natation'],['requin'],['sirène'],[],[]
['corail'],[],['méduse'],[],[],[],[],['plonger'],[],['plongée'],['plancton'],"['etoile', 'de', 'mer']",[],[]
['corail'],[],['algue'],[],[],[],[],['nager'],[],"['costume', 'de', 'plongée']",[],[],[],[]
['corail'],[],['soleil'],[],[],[],[],['casser'],[],[],[],[],[],[]
['corail'],[],['vacance'],[],[],[],[],[],[],[],[],[],[],[]
['corail'],[],[],[],[],[],[],[],[],[],[],[],[],[]
['cornemuse'],['juillet'],['écosser'],['musique'],"['instrument', 'à', 'vent']",[],[],['musique'],['musique'],['musique'],['instrument'],[],[],[]
['cornemuse'],['musique'],['jupe'],['écosser'],['compliqué'],[],[],"['à', 'vent']",['écosser'],['dance'],['turquie'],[],[],[]
['cornemuse'],['rituel'],['quadrillage'],['tradition'],['écosser'],[],[],['écosser'],['entraîner'],"['instrument', 'national']","['mer', 'noir']",[],[],[]
['cornemuse'],['tribu'],['musique'],[],['folklorique'],[],[],['irland'],[],['amusement'],['culture'],[],[],[]
['cornemuse'],[],"['note', 'de', 'musique']",[],['spécial'],[],[],['jupe'],[],['fête'],[],[],[],[]
['cornemuse'],[],['homme'],[],[],[],[],[],[],[],[],[],[],[]
['cornemuse'],[],[],[],[],[],[],[],[],[],[],[],[],[]
['cornemuse'],[],[],[],[],[],[],[],[],[],[],[],[],[]
['cornemuse'],[],[],[],[],[],[],[],[],[],[],[],[],[]
['cornemuse'],[],[],[],[],[],[],[],[],[],[],[],[],[]
['cymbale'],['musique'],['musique'],[],['musique'],[],[],['musique'],['musique'],['musique'],['batteur'],[],[],[]
['cymbale'],['orchestre'],['rock'],[],['instrument'],[],[],['batterie'],['bruit'],['batterie'],['drum'],[],[],[]
['cymbale'],['concert'],['batterie'],[],['tambour'],[],[],['baguette'],['orchestre'],['bâton'],['whiplash'],[],[],[]
['cymbale'],['conservatoire'],"['salle', 'de', 'musique']",[],['concert'],[],[],['charleston'],[],['rythme'],[],[],[],[]
['cymbale'],['juillet'],"['note', 'de', 'musique']",[],['orchestre'],[],[],['snare'],[],['danser'],[],[],[],[]
['cymbale'],['ensemble'],[],[],['percussion'],[],[],['kick'],[],['concert'],[],[],[],[]
['cymbale'],[],[],[],[],[],[],[],[],['groupe'],[],[],[],[]
['cymbale'],[],[],[],[],[],[],[],[],[],[],[],[],[]
['cymbale'],[],[],[],[],[],[],[],[],[],[],[],[],[]
['cymbale'],[],[],[],[],[],[],[],[],[],[],[],[],[]
['decapsuleur'],['chirurgien'],['soirée'],['bière'],['boisson'],[],[],['ouvrir'],['bière'],['boire'],['canette'],['bouteille'],[],[]
['decapsuleur'],['opération'],['bière'],['vin'],['alcool'],[],[],['bière'],['vin'],['bière'],['métallique'],['bière'],[],[]
['decapsuleur'],['hôpital'],['alcool'],['soirée'],['bière'],[],[],['bouchon'],['boisson'],['fête'],['aluminium'],['verre'],[],[]
['decapsuleur'],['médecin'],['verre'],['ambiance'],['capsule'],[],[],['pointu'],['force'],['samuser'],['bouchon'],['alcool'],[],[]
['decapsuleur'],[],['bar'],['amusement'],[],[],[],['rond'],[],['danser'],['capsule'],['boisson'],[],[]
['decapsuleur'],[],[],['boisson'],[],[],[],['trou'],[],['chanter'],[],[],[],[]
['decapsuleur'],[],[],['bourré'],[],[],[],[],[],"['boîte', 'de', 'nuit']",[],[],[],[]
['decapsuleur'],[],[],['coma'],[],[],[],[],[],['boire'],[],[],[],[]
['decapsuleur'],[],[],[],[],[],[],[],[],['ivre'],[],[],[],[]
['decapsuleur'],[],[],[],[],[],[],[],[],[],[],[],[],[]
['dindon'],['fermier'],['ferme'],['oiseau'],['oiseau'],['oiseau'],[],['thanksgiving'],['fête'],['dinde'],[],['noël'],[],[]
['dindon'],['poulet'],"['bas', 'cour']",['nourriture'],[],['manger'],[],['amérique'],['manger'],['sandwich'],[],['géant'],[],[]
['dindon'],['volaill'],['forêt'],['bruit'],['grand'],['sandwich'],[],['rôtir'],"['pas', 'beau']",['four'],[],['repas'],[],[]
['dindon'],['rouge'],['bruit'],['campagne'],['agressif'],[],[],['poulet'],['plume'],['manger'],[],['oiseau'],[],[]
['dindon'],[],['animal'],[],['noir'],[],[],[],['crête'],['cuisiner'],[],['paon'],[],[]
['dindon'],[],['oiseau'],[],[],[],[],[],[],['assaisonner'],[],['grand'],[],[]
['dindon'],[],['aile'],[],[],[],[],[],[],[],[],[],[],[]
['dindon'],[],[],[],[],[],[],[],[],[],[],[],[],[]
['dindon'],[],[],[],[],[],[],[],[],[],[],[],[],[]
['dindon'],[],[],[],[],[],[],[],[],[],[],[],[],[]
['echenilloir'],[],[],[],[],[],[],[],[],[],[],[],[],[]
['echenilloir'],[],[],[],[],[],[],[],[],[],[],[],[],[]
['echenilloir'],[],[],[],[],[],[],[],[],[],[],[],[],[]
['echenilloir'],[],[],[],[],[],[],[],[],[],[],[],[],[]
['echenilloir'],[],[],[],[],[],[],[],[],[],[],[],[],[]
['echenilloir'],[],[],[],[],[],[],[],[],[],[],[],[],[]
['echenilloir'],[],[],[],[],[],[],[],[],[],[],[],[],[]
['echenilloir'],[],[],[],[],[],[],[],[],[],[],[],[],[]
['echenilloir'],[],[],[],[],[],[],[],[],[],[],[],[],[]
['echenilloir'],[],[],[],[],[],[],[],[],[],[],[],[],[]
['enclume'],['fer'],[],[],['métal'],[],[],[],['lourd'],[],['pois'],['pierre'],[],[]
['enclume'],['appuyer'],[],[],['forger'],[],[],[],['fer'],[],['porter'],['statue'],[],[]
['enclume'],[],[],[],['feu'],[],[],[],['noir'],[],['construction'],['roche'],[],[]
['enclume'],[],[],[],['marteau'],[],[],[],"['moyen', 'âge']",[],[],['historique'],[],[]
['enclume'],[],[],[],['forgeron'],[],[],[],[],[],[],[],[],[]
['enclume'],[],[],[],[],[],[],[],[],[],[],[],[],[]
['enclume'],[],[],[],[],[],[],[],[],[],[],[],[],[]
['enclume'],[],[],[],[],[],[],[],[],[],[],[],[],[]
['enclume'],[],[],[],[],[],[],[],[],[],[],[],[],[]
['enclume'],[],[],[],[],[],[],[],[],[],[],[],[],[]
['entonnoir'],[],[],[],[],[],[],[],[],['liquide'],['conteneur'],[],[],[]
['entonnoir'],[],[],[],[],[],[],[],[],['couler'],['filtrage'],[],[],[]
['entonnoir'],[],[],[],[],[],[],[],[],['chimie'],['tamisage'],[],[],[]
['entonnoir'],[],[],[],[],[],[],[],[],['précision'],['trier'],[],[],[]
['entonnoir'],[],[],[],[],[],[],[],[],[],[],[],[],[]
['entonnoir'],[],[],[],[],[],[],[],[],[],[],[],[],[]
['entonnoir'],[],[],[],[],[],[],[],[],[],[],[],[],[]
['entonnoir'],[],[],[],[],[],[],[],[],[],[],[],[],[]
['entonnoir'],[],[],[],[],[],[],[],[],[],[],[],[],[]
['entonnoir'],[],[],[],[],[],[],[],[],[],[],[],[],[]
['eolienn'],[],[],[],[],[],[],[],[],[],[],[],[],[]
['eolienn'],[],[],[],[],[],[],[],[],[],[],[],[],[]
['eolienn'],[],[],[],[],[],[],[],[],[],[],[],[],[]
['eolienn'],[],[],[],[],[],[],[],[],[],[],[],[],[]
['eolienn'],[],[],[],[],[],[],[],[],[],[],[],[],[]
['eolienn'],[],[],[],[],[],[],[],[],[],[],[],[],[]
['eolienn'],[],[],[],[],[],[],[],[],[],[],[],[],[]
['eolienn'],[],[],[],[],[],[],[],[],[],[],[],[],[]
['eolienn'],[],[],[],[],[],[],[],[],[],[],[],[],[]
['eolienn'],[],[],[],[],[],[],[],[],[],[],[],[],[]
['epouvantail'],"['chasser', 'le', 'oiseau']",['corbeau'],[],['champ'],[],[],['ferme'],['champ'],['peur'],['oiseau'],['halloween'],['halloween'],[]
['epouvantail'],"['protéger', 'le', 'récolte']",['champ'],[],['grain'],[],[],['countryside'],['peur'],['amusant'],['herbe'],['effrayant'],['effrayant'],[]
['epouvantail'],['halloween'],['blé'],[],['blé'],[],[],['corbeau'],[],['habit'],['haye'],['octobre'],"['movie', 'roron']",[]
['epouvantail'],[],['amérique'],[],['corbeau'],[],[],[],[],['foint'],['champ'],['paille'],[],[]
['epouvantail'],[],['fermier'],[],['corvid'],[],[],[],[],['champ'],['tête'],['champ'],[],[]
['epouvantail'],[],['tracteur'],[],['peur'],[],[],[],[],[],['mannequin'],['peur'],[],[]
['epouvantail'],[],[],[],['horreur'],[],[],[],[],[],[],[],[],[]
['epouvantail'],[],[],[],[],[],[],[],[],[],[],[],[],[]
['epouvantail'],[],[],[],[],[],[],[],[],[],[],[],[],[]
['epouvantail'],[],[],[],[],[],[],[],[],[],[],[],[],[]
['espadon'],['poisson'],['poisson'],['poisson'],['poisson'],['poisson'],[],['poisson'],['eau'],['poisson'],['poisson'],['poisson'],['mer'],[]
['espadon'],['mer'],['épée'],['mer'],['pêche'],['nager'],[],['thon'],['peche'],['nager'],['épée'],['océan'],['gris'],[]
['espadon'],['chasser'],['mer'],['eau'],['fort'],['eau'],[],['baleine'],['grand'],['eau'],['dragon'],['lac'],['dangereal'],[]
['espadon'],['protection'],['algue'],"['micro', 'organisme']",['rapide'],[],[],['mère'],[],['aquarium'],['prince'],['mer'],"['très', 'joli']",[]
['espadon'],[],"['étoile', 'de', 'mer']","['vie', 'marine']",['musculaire'],[],[],['eau'],[],['mer'],['princesse'],"['eau', 'doux']",['bateau'],[]
['espadon'],[],['soleil'],[],['rare'],[],[],['océan'],[],['océan'],['mario'],[],[],[]
['espadon'],[],['océan'],[],['difficile'],[],[],['manger'],[],['bateau'],['roi'],[],[],[]
['espadon'],[],['vacance'],[],[],[],[],['long'],[],['poisson'],[],[],[],[]
['espadon'],[],[],[],[],[],[],[],[],[],[],[],[],[]
['espadon'],[],[],[],[],[],[],[],[],[],[],[],[],[]
['etrier'],['chevalier'],['cheval'],[],['cheval'],[],[],[],['cheval'],['équitation'],[],['cheval'],[],[]
['etrier'],['cheval'],['équitation'],[],['équitation'],[],[],[],['vitesse'],['cheval'],[],['sabot'],[],[]
['etrier'],['contest'],['ferme'],[],['contrôle'],[],[],[],['monter'],['galop'],[],['équitation'],[],[]
['etrier'],[],['enclore'],[],['virage'],[],[],[],[],['écurie'],[],['animal'],[],[]
['etrier'],[],['pâturage'],[],[],[],[],[],[],['bumb'],[],['ferme'],[],[]
['etrier'],[],[],[],[],[],[],[],[],"['equipment', 'de', 'équitation']",[],[],[],[]
['etrier'],[],[],[],[],[],[],[],[],[],[],[],[],[]
['etrier'],[],[],[],[],[],[],[],[],[],[],[],[],[]
['etrier'],[],[],[],[],[],[],[],[],[],[],[],[],[]
['etrier'],[],[],[],[],[],[],[],[],[],[],[],[],[]
['eventail'],['chine'],['froid'],['vent'],['air'],[],[],['chaleur'],['chaud'],['chaleur'],[],['chine'],[],[]
['eventail'],['culture'],['vent'],['chaleur'],['être'],[],[],['fraîcheur'],['espagne'],['être'],[],['empire'],[],[]
['eventail'],['bouddhisme'],['asie'],['être'],['chaleur'],[],[],['asie'],['asie'],['plage'],[],['aristocratie'],[],[]
['eventail'],['théâtre'],['chaleur'],['transpiration'],['vent'],[],[],['japon'],['couleur'],['pratique'],[],['femme'],[],[]
['eventail'],['geisha'],['canicule'],['fatigue'],['chine'],[],[],['chine'],['papier'],['élégant'],[],['vent'],[],[]
['eventail'],[],['geisha'],['respiration'],[],[],[],[],[],[],[],['chaleur'],[],[]
['eventail'],[],[],[],[],[],[],[],[],[],[],['canicule'],[],[]
['eventail'],[],[],[],[],[],[],[],[],[],[],[],[],[]
['eventail'],[],[],[],[],[],[],[],[],[],[],[],[],[]
['eventail'],[],[],[],[],[],[],[],[],[],[],[],[],[]
['extincteur'],[],[],[],[],[],[],[],[],['incendie'],['feu'],[],['feu'],[]
['extincteur'],[],[],[],[],[],[],[],[],['pompier'],['fumée'],[],[],[]
['extincteur'],[],[],[],[],[],[],[],[],"['camion', 'pompier']",['mousse'],[],['pompier'],[]
['extincteur'],[],[],[],[],[],[],[],[],['secours'],['blanc'],[],['prévenir'],[]
['extincteur'],[],[],[],[],[],[],[],[],['feu'],['chalet'],[],"['cant', 'find', 'word', 'sav']",[]
['extincteur'],[],[],[],[],[],[],[],[],['combinaison'],[],[],[],[]
['extincteur'],[],[],[],[],[],[],[],[],[],[],[],[],[]
['extincteur'],[],[],[],[],[],[],[],[],[],[],[],[],[]
['extincteur'],[],[],[],[],[],[],[],[],[],[],[],[],[]
['extincteur'],[],[],[],[],[],[],[],[],[],[],[],[],[]
['flasque'],['boisson'],['alcool'],['alcool'],[],[],[],['alcool'],[],['alcool'],['conteneur'],['parfum'],['boisson'],[]
['flasque'],['alcoolique'],['alcoolisme'],['bouteille'],[],[],[],['liquide'],[],['cacher'],['eau'],['odeur'],[],[]
['flasque'],['cacher'],['vodka'],['apéro'],[],[],[],['brûler'],[],['boire'],['alcool'],['homme'],['froid'],[]
['flasque'],['boire'],['whisky'],['pêche'],[],[],[],['cacher'],[],['ivre'],['soirée'],['chic'],"['pour', 'se', 'réchauffer']",[]
['flasque'],[],['addiction'],['bourré'],[],[],[],['métal'],[],['danser'],['boîte'],[],[],[]
['flasque'],[],"['le', 'vieux']",[],[],[],[],['ancien'],[],['samuser'],[],[],[],[]
['flasque'],[],[],[],[],[],[],['vieux'],[],[],[],[],[],[]
['flasque'],[],[],[],[],[],[],[],[],[],[],[],[],[]
['flasque'],[],[],[],[],[],[],[],[],[],[],[],[],[]
['flasque'],[],[],[],[],[],[],[],[],[],[],[],[],[]
['fourmilier'],['fourmi'],['fourmi'],[],['fourmi'],[],[],[],['animal'],[],[],[],[],[]
['fourmilier'],['manger'],['fourmilière'],[],['animal'],[],[],[],['poilu'],[],[],[],[],[]
['fourmilier'],['nourriture'],['nourriture'],[],['mammifère'],[],[],[],['fourmi'],[],[],[],[],[]
['fourmilier'],['déplacer'],"['forêt', 'amazonien']",[],['langue'],[],[],[],['solitaire'],[],[],[],[],[]
['fourmilier'],['marché'],['forêt'],[],['manger'],[],[],[],[],[],[],[],[],[]
['fourmilier'],[],['animal'],[],['terre'],[],[],[],[],[],[],[],[],[]
['fourmilier'],[],['insect'],[],[],[],[],[],[],[],[],[],[],[]
['fourmilier'],[],[],[],[],[],[],[],[],[],[],[],[],[]
['fourmilier'],[],[],[],[],[],[],[],[],[],[],[],[],[]
['fourmilier'],[],[],[],[],[],[],[],[],[],[],[],[],[]
['girouette'],['vent'],['vent'],['nord'],[],[],[],[],[],['boussole'],[],[],[],[]
['girouette'],['direction'],['direction'],['sud'],[],[],[],[],[],['être'],[],[],[],[]
['girouette'],['bâtiment'],['folie'],['être'],[],[],[],[],[],['ouest'],[],[],[],[]
['girouette'],['tour'],"['maison', 'ancien']",['west'],[],[],[],[],[],['nord'],[],[],[],[]
['girouette'],['ville'],[],['direction'],[],[],[],[],[],['sud'],[],[],[],[]
['girouette'],['route'],[],"['coucher', 'de', 'soleil']",[],[],[],[],[],['direction'],[],[],[],[]
['girouette'],[],[],"['lever', 'de', 'soleil']",[],[],[],[],[],['fleche'],[],[],[],[]
['girouette'],[],[],['lumière'],[],[],[],[],[],['aller'],[],[],[],[]
['girouette'],[],[],[],[],[],[],[],[],"['se', 'déplacer']",[],[],[],[]
['girouette'],[],[],[],[],[],[],[],[],[],[],[],[],[]
['gland'],['port'],['écureuil'],['écureuil'],['nature'],[],[],"['ice', 'age']",['arbre'],['noix'],['noix'],['écureuil'],[],[]
['gland'],['forêt'],['arbre'],['arbre'],['reproduction'],[],[],['écureuil'],['écureuil'],['écureuil'],['cajou'],['arbre'],[],[]
['gland'],[],['automne'],['feuille'],['pollinisation'],[],[],['arbre'],[],['arbre'],['coco'],['nature'],[],[]
['gland'],[],['feuille'],['automne'],['arbre'],[],[],['printemps'],[],"['new', 'york']",[],['verdure'],[],[]
['gland'],[],['ecorce'],['frais'],[],[],[],['feuille'],[],[],[],['nature'],[],[]
['gland'],[],['nourriture'],[],[],[],[],[],[],[],[],[],[],[]
['gland'],[],[],[],[],[],[],[],[],[],[],[],[],[]
['gland'],[],[],[],[],[],[],[],[],[],[],[],[],[]
['gland'],[],[],[],[],[],[],[],[],[],[],[],[],[]
['gland'],[],[],[],[],[],[],[],[],[],[],[],[],[]
['gong'],['chine'],['méditation'],['son'],['son'],[],[],['bruit'],[],[],[],[],[],[]
['gong'],['appuyer'],['yoga'],['fort'],['percussion'],[],[],['cymbale'],[],[],[],[],[],[]
['gong'],['plier'],['asie'],[],['métal'],[],[],['taper'],[],[],[],[],[],[]
['gong'],['son'],['bouddhisme'],[],[],[],[],['lourd'],[],[],[],[],[],[]
['gong'],['prière'],['temple'],[],[],[],[],['métal'],[],[],[],[],[],[]
['gong'],['région'],[],[],[],[],[],['gris'],[],[],[],[],[],[]
['gong'],[],[],[],[],[],[],[],[],[],[],[],[],[]
['gong'],[],[],[],[],[],[],[],[],[],[],[],[],[]
['gong'],[],[],[],[],[],[],[],[],[],[],[],[],[]
['gong'],[],[],[],[],[],[],[],[],[],[],[],[],[]
['gouvernail'],['capitaine'],['bateau'],['bateau'],[],[],['navigation'],['voil'],['bateau'],['bateau'],[],['bateau'],[],[]
['gouvernail'],['bateau'],['capitaine'],['mer'],[],[],['mer'],['bateau'],['voyage'],['volant'],[],['expédition'],[],[]
['gouvernail'],['colombe'],['mer'],['capitaine'],[],[],['bateau'],['navire'],['orientation'],['direction'],[],['titanic'],[],[]
['gouvernail'],"['moyen', 'âge']",['pirate'],['voyage'],[],[],['découverte'],['mère'],['bois'],['aller'],[],['commandant'],[],[]
['gouvernail'],[],['barre'],['passager'],[],[],['pirate'],['capitaine'],[],['pirate'],[],['pirate'],[],[]
['gouvernail'],[],[],[],[],[],[],['matelot'],[],['eau'],[],['expédition'],[],[]
['gouvernail'],[],[],[],[],[],[],[],[],['pirate'],[],[],[],[]
['gouvernail'],[],[],[],[],[],[],[],[],[],[],[],[],[]
['gouvernail'],[],[],[],[],[],[],[],[],[],[],[],[],[]
['gouvernail'],[],[],[],[],[],[],[],[],[],[],[],[],[]
['guillotine'],['mort'],"['marier', 'antoinette']",[],['révolution'],['tête'],['exécution'],['tuer'],"['moyen', 'âge']","['roi', 'de', 'france']","['mise', 'à', 'mort']","['révolution', 'français']",['france'],[]
['guillotine'],"['couper', 'le', 'tête']",['france'],[],['exécution'],[],['mort'],['luire'],['crime'],['tête'],['exécution'],['histoire'],['punition'],[]
['guillotine'],"['moyen', 'âge']",['royauté'],[],['oppression'],[],['décapitement'],['roi'],['spectacle'],['couper'],['tête'],"['marier', 'antoinette']","['temps', 'ancien']",[]
['guillotine'],['france'],['mort'],[],['terreur'],[],['punition'],['france'],[],['mal'],['décapitation'],[],['finir'],[]
['guillotine'],"[' ', 'siècle']",['décapitation'],[],['humilité'],[],[],['révolution'],[],['torture'],['mort'],[],[],[]
['guillotine'],[],['monarchie'],[],[],[],[],[],[],[],[],[],[],[]
['guillotine'],[],[],[],[],[],[],[],[],[],[],[],[],[]
['guillotine'],[],[],[],[],[],[],[],[],[],[],[],[],[]
['guillotine'],[],[],[],[],[],[],[],[],[],[],[],[],[]
['guillotine'],[],[],[],[],[],[],[],[],[],[],[],[],[]
['guirlande'],[],[],[],[],[],[],[],[],[],[],[],[],[]
['guirlande'],[],[],[],[],[],[],[],[],[],[],[],[],[]
['guirlande'],[],[],[],[],[],[],[],[],[],[],[],[],[]
['guirlande'],[],[],[],[],[],[],[],[],[],[],[],[],[]
['guirlande'],[],[],[],[],[],[],[],[],[],[],[],[],[]
['guirlande'],[],[],[],[],[],[],[],[],[],[],[],[],[]
['guirlande'],[],[],[],[],[],[],[],[],[],[],[],[],[]
['guirlande'],[],[],[],[],[],[],[],[],[],[],[],[],[]
['guirlande'],[],[],[],[],[],[],[],[],[],[],[],[],[]
['guirlande'],[],[],[],[],[],[],[],[],[],[],[],[],[]
['hache'],['couper'],['bois'],['bois'],['bois'],[],['travail'],['couper'],['bois'],['couper'],['bois'],['halloween'],['taper'],[]
['hache'],['bois'],"['le', 'mort']",['travail'],['urgence'],[],['construction'],['bois'],['couper'],['bois'],['desessemblement'],['meurtre'],"['très', 'lourd']",[]
['hache'],['cheminée'],['arbre'],['transpiration'],['feu'],[],['dangereux'],"['animal', 'crossing']",['forêt'],['pompier'],['blement'],['violence'],['dangereal'],[]
['hache'],['odeur'],['forêt'],['mouvement'],['lourd'],[],['arme'],['printemps'],['cheminée'],['sauver'],['tranche'],['sang'],['boit'],[]
['hache'],[],['maison'],['forêt'],[],[],[],['être'],[],['chauffer'],['trancher'],['crime'],['homme'],[]
['hache'],[],[],['boire'],[],[],[],['automne'],[],['feu'],['tuer'],['outil'],[],[]
['hache'],[],[],['arbre'],[],[],[],['hiver'],[],['maison'],[],[],[],[]
['hache'],[],[],['feu'],[],[],[],['saison'],[],[],[],[],[],[]
['hache'],[],[],['chalet'],[],[],[],[],[],[],[],[],[],[]
['hache'],[],[],[],[],[],[],[],[],[],[],[],[],[]
['haltere'],[],[],[],[],[],[],[],[],[],[],[],[],[]
['haltere'],[],[],[],[],[],[],[],[],[],[],[],[],[]
['haltere'],[],[],[],[],[],[],[],[],[],[],[],[],[]
['haltere'],[],[],[],[],[],[],[],[],[],[],[],[],[]
['haltere'],[],[],[],[],[],[],[],[],[],[],[],[],[]
['haltere'],[],[],[],[],[],[],[],[],[],[],[],[],[]
['haltere'],[],[],[],[],[],[],[],[],[],[],[],[],[]
['haltere'],[],[],[],[],[],[],[],[],[],[],[],[],[]
['haltere'],[],[],[],[],[],[],[],[],[],[],[],[],[]
['haltere'],[],[],[],[],[],[],[],[],[],[],[],[],[]
['hamecon'],['poisson'],['pêche'],['poisson'],['poisson'],[],[],[],[],[],[],[],[],[]
['hamecon'],['pêche'],['poisson'],['pêche'],['pêche'],[],[],[],[],[],[],[],[],[]
['hamecon'],['douleur'],['australie'],"['bord', 'de', 'lac']",['ver'],[],[],[],[],[],[],[],[],[]
['hamecon'],['nuire'],['mer'],"['bord', 'de', 'le', 'rivière']",['attraper'],[],[],[],[],[],[],[],[],[]
['hamecon'],[],['pêche'],['rivière'],[],[],[],[],[],[],[],[],[],[]
['hamecon'],[],['pêcheur'],['eau'],[],[],[],[],[],[],[],[],[],[]
['hamecon'],[],['poissonnerie'],[],[],[],[],[],[],[],[],[],[],[]
['hamecon'],[],[],[],[],[],[],[],[],[],[],[],[],[]
['hamecon'],[],[],[],[],[],[],[],[],[],[],[],[],[]
['hamecon'],[],[],[],[],[],[],[],[],[],[],[],[],[]
['harmonica'],['musique'],[],[],['vent'],[],[],"['instrument', 'à', 'vent']",['musique'],[],[],[],[],[]
['harmonica'],['jouer'],[],[],['grandpere'],[],[],['métal'],['harmonieux'],[],[],[],[],[]
['harmonica'],['fête'],[],[],[],[],[],['gris'],['enfant'],[],[],[],[],[]
['harmonica'],"['produire', 'de', 'le', 'musique']",[],[],[],[],[],['acoustique'],['air'],[],[],[],[],[]
['harmonica'],[],[],[],[],[],[],[],[],[],[],[],[],[]
['harmonica'],[],[],[],[],[],[],[],[],[],[],[],[],[]
['harmonica'],[],[],[],[],[],[],[],[],[],[],[],[],[]
['harmonica'],[],[],[],[],[],[],[],[],[],[],[],[],[]
['harmonica'],[],[],[],[],[],[],[],[],[],[],[],[],[]
['harmonica'],[],[],[],[],[],[],[],[],[],[],[],[],[]
['heron'],['fleuve'],['marais'],['pelican'],['oiseau'],[],[],['héron'],['long'],['oiseau'],['flamingo'],['majestueux'],[],[]
['heron'],['poisson'],['roseau'],['oiseau'],"['long', 'patte']",[],[],['voler'],['bec'],['blanc'],['eau'],['jambe'],[],[]
['heron'],['voler'],['grenouille'],['air'],['blanc'],[],[],"['flamant', 'rose']",['blanc'],['bec'],['poisson'],['long'],[],[]
['heron'],['sable'],['libellule'],['voler'],['jaune'],[],[],['long'],['voyage'],['patte'],['lac'],['animal'],[],[]
['heron'],[],['asie'],['oeuf'],['vol'],[],[],['bec'],[],['voler'],['nager'],['oiseau'],[],[]
['heron'],[],['oiseau'],[],[],[],[],['blanc'],[],['champ'],['voler'],['aile'],[],[]
['heron'],[],['animal'],[],[],[],[],['jaune'],[],[],[],[],[],[]
['heron'],[],[],[],[],[],[],[],[],[],[],[],[],[]
['heron'],[],[],[],[],[],[],[],[],[],[],[],[],[]
['heron'],[],[],[],[],[],[],[],[],[],[],[],[],[]
['hyene'],[],[],[],[],[],[],[],[],[],[],[],[],[]
['hyene'],[],[],[],[],[],[],[],[],[],[],[],[],[]
['hyene'],[],[],[],[],[],[],[],[],[],[],[],[],[]
['hyene'],[],[],[],[],[],[],[],[],[],[],[],[],[]
['hyene'],[],[],[],[],[],[],[],[],[],[],[],[],[]
['hyene'],[],[],[],[],[],[],[],[],[],[],[],[],[]
['hyene'],[],[],[],[],[],[],[],[],[],[],[],[],[]
['hyene'],[],[],[],[],[],[],[],[],[],[],[],[],[]
['hyene'],[],[],[],[],[],[],[],[],[],[],[],[],[]
['hyene'],[],[],[],[],[],[],[],[],[],[],[],[],[]
['jante'],['rouler'],['roue'],['voiture'],[],[],[],['rouler'],['voiture'],['roue'],['roue'],['voiture'],['roue'],[]
['jante'],['voiture'],['voiture'],['caoutchouc'],[],[],[],['pneu'],['joli'],['voiture'],['pneu'],['mécanique'],['voiture'],[]
['jante'],['route'],['automobile'],['route'],[],[],[],['voiture'],['aluminium'],['rouler'],['voiture'],['instrument'],"['très', 'cher']",[]
['jante'],['protection'],['mécano'],['entretien'],[],[],[],['moto'],[],['accident'],['véhicule'],['outil'],['montage'],[]
['jante'],[],['essence'],['argent'],[],[],[],[],[],['volant'],['chemin'],[],[],[]
['jante'],[],['pneu'],['coup'],[],[],[],[],[],"['permettre', 'de', 'conduire']",['avenue'],[],[],[]
['jante'],[],[],['taxe'],[],[],[],[],[],['théorie'],['marathon'],[],[],[]
['jante'],[],[],[],[],[],[],[],[],[],[],[],[],[]
['jante'],[],[],[],[],[],[],[],[],[],[],[],[],[]
['jante'],[],[],[],[],[],[],[],[],[],[],[],[],[]
['lama'],[],[],[],[],[],[],[],[],[],[],[],[],[]
['lama'],[],[],[],[],[],[],[],[],[],[],[],[],[]
['lama'],[],[],[],[],[],[],[],[],[],[],[],[],[]
['lama'],[],[],[],[],[],[],[],[],[],[],[],[],[]
['lama'],[],[],[],[],[],[],[],[],[],[],[],[],[]
['lama'],[],[],[],[],[],[],[],[],[],[],[],[],[]
['lama'],[],[],[],[],[],[],[],[],[],[],[],[],[]
['lama'],[],[],[],[],[],[],[],[],[],[],[],[],[]
['lama'],[],[],[],[],[],[],[],[],[],[],[],[],[]
['lama'],[],[],[],[],[],[],[],[],[],[],[],[],[]
['litchi'],['fruit'],"['bubbl', 'tea']",['fruit'],['fruit'],['fruit'],[],['bon'],['fruit'],['jus'],['fruit'],['fruit'],[],[]
['litchi'],['exotique'],['boisson'],['bon'],['exotique'],['manger'],[],['tropical'],['asiatique'],['boire'],['dragon'],['bon'],[],[]
['litchi'],['thailand'],['fruit'],['sucrer'],['thailand'],['boire'],[],['ramboutan'],['succulent'],['vitamine'],"['fruit', 'de', 'mer']",['sucrer'],[],[]
['litchi'],['sucrer'],['italie'],['alcool'],['sucrer'],['saveur'],[],['fruit'],['juteux'],['fruit'],[],['exotique'],[],[]
['litchi'],['mango'],['blanc'],['cidre'],['mango'],[],[],['légume'],[],['pomme'],[],['petit'],[],[]
['litchi'],['papaya'],[],['dessert'],['papaya'],[],[],['graine'],[],['poire'],[],['blanc'],[],[]
['litchi'],[],[],['bon'],[],[],[],[],[],['banane'],[],['visqueux'],[],[]
['litchi'],[],[],[],[],[],[],[],[],['fraise'],[],[],[],[]
['litchi'],[],[],[],[],[],[],[],[],[],[],[],[],[]
['litchi'],[],[],[],[],[],[],[],[],[],[],[],[],[]
['louche'],[],[],[],[],[],[],[],[],['soupe'],[],[],[],[]
['louche'],[],[],[],[],[],[],[],[],['cantine'],[],[],[],[]
['louche'],[],[],[],[],[],[],[],[],['parascolaire'],[],[],[],[]
['louche'],[],[],[],[],[],[],[],[],['vitamine'],[],[],[],[]
['louche'],[],[],[],[],[],[],[],[],['manger'],[],[],[],[]
['louche'],[],[],[],[],[],[],[],[],['boire'],[],[],[],[]
['louche'],[],[],[],[],[],[],[],[],['pain'],[],[],[],[]
['louche'],[],[],[],[],[],[],[],[],[],[],[],[],[]
['louche'],[],[],[],[],[],[],[],[],[],[],[],[],[]
['louche'],[],[],[],[],[],[],[],[],[],[],[],[],[]
['loupe'],[],[],[],[],[],[],[],[],[],[],[],[],[]
['loupe'],[],[],[],[],[],[],[],[],[],[],[],[],[]
['loupe'],[],[],[],[],[],[],[],[],[],[],[],[],[]
['loupe'],[],[],[],[],[],[],[],[],[],[],[],[],[]
['loupe'],[],[],[],[],[],[],[],[],[],[],[],[],[]
['loupe'],[],[],[],[],[],[],[],[],[],[],[],[],[]
['loupe'],[],[],[],[],[],[],[],[],[],[],[],[],[]
['loupe'],[],[],[],[],[],[],[],[],[],[],[],[],[]
['loupe'],[],[],[],[],[],[],[],[],[],[],[],[],[]
['loupe'],[],[],[],[],[],[],[],[],[],[],[],[],[]
['lynx'],['chat'],['montagne'],['hyene'],['poilu'],['animal'],['chat'],['felin'],['dent'],['félin'],['sphinx'],['félin'],['vicieux'],[]
['lynx'],['felin'],['chat'],['sauvage'],['prédateur'],['chat'],['animal'],['tigre'],['pointue'],['chat'],['chat'],['suisse'],"['zoo', 'parc']",[]
['lynx'],['oreille'],['félin'],['dangereux'],['chaton'],['mignon'],['sauvage'],['lion'],['collar'],['lion'],['tigre'],['rare'],['sauvage'],[]
['lynx'],['patte'],['chasseur'],['forêt'],['félin'],['oreille'],['félin'],['savane'],['chasse'],['guépard'],['lion'],['disparition'],"['très', 'vite']",[]
['lynx'],[],['dent'],['afrique'],[],[],['prédateur'],['forêt'],['rapide'],['panthère'],['animal'],['petit'],[],[]
['lynx'],[],['souris'],[],[],[],[],['désert'],[],['jaguar'],[],['beau'],[],[]
['lynx'],[],[],[],[],[],[],['jungle'],[],['safari'],[],[],[],[]
['lynx'],[],[],[],[],[],[],[],[],[],[],[],[],[]
['lynx'],[],[],[],[],[],[],[],[],[],[],[],[],[]
['lynx'],[],[],[],[],[],[],[],[],[],[],[],[],[]
['maraca'],[],[],[],[],[],[],[],[],['danser'],[],[],[],[]
['maraca'],[],[],[],[],[],[],[],[],['chanter'],[],[],[],[]
['maraca'],[],[],[],[],[],[],[],[],"['jouer', 'de', 'le', 'musique']",[],[],[],[]
['maraca'],[],[],[],[],[],[],[],[],['composer'],[],[],[],[]
['maraca'],[],[],[],[],[],[],[],[],"['note', 'de', 'musique']",[],[],[],[]
['maraca'],[],[],[],[],[],[],[],[],[],[],[],[],[]
['maraca'],[],[],[],[],[],[],[],[],[],[],[],[],[]
['maraca'],[],[],[],[],[],[],[],[],[],[],[],[],[]
['maraca'],[],[],[],[],[],[],[],[],[],[],[],[],[]
['maraca'],[],[],[],[],[],[],[],[],[],[],[],[],[]
['megaphone'],['parler'],['foule'],['bruit'],['son'],['parler'],['manifestation'],['bruit'],['bruit'],['annoncer'],['mégaphone'],['bruit'],[],[]
['megaphone'],['voix'],['manifestation'],['ordre'],['électronique'],['fort'],"['haut', 'parleur']",['parler'],['parler'],['fort'],"['haut', 'parleur']",['politique'],[],[]
['megaphone'],['manifestation'],['bruit'],['information'],['américain'],[],['crier'],['manifestation'],['distance'],['crier'],['audio'],['foule'],[],[]
['megaphone'],['militant'],['volume'],['police'],['manifestation'],[],[],['entendre'],['foule'],['entendre'],['son'],['voix'],[],[]
['megaphone'],[],['voix'],['gendarmerie'],[],[],[],['crier'],[],['alerte'],['intensité'],['discours'],[],[]
['megaphone'],[],['cri'],[],[],[],[],['fort'],[],['alerter'],['réflexion'],[],[],[]
['megaphone'],[],['slogan'],[],[],[],[],[],[],['incendie'],[],[],[],[]
['megaphone'],[],[],[],[],[],[],[],[],['accident'],[],[],[],[]
['megaphone'],[],[],[],[],[],[],[],[],[],[],[],[],[]
['megaphone'],[],[],[],[],[],[],[],[],[],[],[],[],[]
['memetronome'],['musique'],['musique'],['piano'],['musique'],[],['scientifique'],['musique'],[],[],[],[],[],[]
['memetronome'],['piano'],['piano'],['rythme'],['rythme'],[],['physique'],['chiant'],[],[],[],[],[],[]
['memetronome'],['jouer'],"['touche', 'de', 'musique']",['son'],['tempo'],[],['calcul'],['instrument'],[],[],[],[],[],[]
['memetronome'],['école'],['noir'],['cours'],['bpm'],[],['observation'],['rapide'],[],[],[],[],[],[]
['memetronome'],['solfeggio'],['blanc'],['lesser'],[],[],['précision'],['long'],[],[],[],[],[],[]
['memetronome'],[],['partition'],['musique'],[],[],[],['normal'],[],[],[],[],[],[]
['memetronome'],[],[],['plaisant'],[],[],[],[],[],[],[],[],[],[]
['memetronome'],[],[],[],[],[],[],[],[],[],[],[],[],[]
['memetronome'],[],[],[],[],[],[],[],[],[],[],[],[],[]
['memetronome'],[],[],[],[],[],[],[],[],[],[],[],[],[]
['microscope'],['chercheur'],['biologie'],['science'],['observation'],['médecine'],['scientifique'],['observation'],['biologie'],['chimie'],['bactérie'],['science'],['petit'],[]
['microscope'],['investiger'],['cellule'],['médecine'],['biologie'],['regarder'],['petit'],['insect'],['neuron'],['biologie'],['cellule'],['télescope'],"['plus', 'grand']",[]
['microscope'],['chercher'],"['organisme', 'vivant']",['cellule'],['medicine'],['bactérie'],['observation'],['plante'],[],['analyse'],['organisme'],['recherche'],['microbe'],[]
['microscope'],"['augmenter', 'le', 'vue']",['école'],['recherche'],['microscopique'],['observer'],['échelle'],['sang'],[],['bactérie'],['virus'],['science'],['insect'],[]
['microscope'],[],['collège'],[],['petit'],['expérience'],"['micro', 'organisme']",['verre'],[],['dessiner'],['lactobacille'],['scientifique'],['science'],[]
['microscope'],[],"['salle', 'de', 'laboratoir']",[],['nanométrique'],[],[],[],[],['observer'],[],[],[],[]
['microscope'],[],[],[],"['forme', 'de', 'vie']",[],[],[],[],[],[],[],[],[]
['microscope'],[],[],[],[],[],[],[],[],[],[],[],[],[]
['microscope'],[],[],[],[],[],[],[],[],[],[],[],[],[]
['microscope'],[],[],[],[],[],[],[],[],[],[],[],[],[]
['morse'],['nager'],['phoque'],['eau'],[],[],['sauvage'],['mer'],['alaska'],[],[],['neige'],[],[]
['morse'],[],['bébé'],['froid'],[],[],[],[],[],[],[],['froid'],[],[]
['morse'],[],['animal'],[],[],[],[],[],[],[],[],['hiver'],[],[]
['morse'],[],[],[],[],[],[],[],[],[],[],['température'],[],[]
['morse'],[],[],[],[],[],[],[],[],[],[],[],[],[]
['morse'],[],[],[],[],[],[],[],[],[],[],[],[],[]
['morse'],[],[],[],[],[],[],[],[],[],[],[],[],[]
['mousqueton'],['clé'],['escalade'],[],[],[],[],['escalader'],['fer'],[],[],['vélo'],['fixer'],[]
['mousqueton'],[],['rocher'],[],[],[],[],['corps'],['escalade'],[],[],['clé'],['porter'],[]
['mousqueton'],[],"['salle', 'de', 'sport']",[],[],[],[],[],[],[],[],[],['poussette'],[]
['mousqueton'],[],"['mur', 'de', 'grimper']",[],[],[],[],[],[],[],[],[],['sac'],[]
['mousqueton'],[],"['prise', 'de', 'grimpe']",[],[],[],[],[],[],[],[],[],[],[]
['mousqueton'],[],['harnais'],[],[],[],[],[],[],[],[],[],[],[]
['mousqueton'],[],[],[],[],[],[],[],[],[],[],[],[],[]
['mousqueton'],[],[],[],[],[],[],[],[],[],[],[],[],[]
['myrtill'],['alsace'],['tarte'],['fruit'],['fruit'],['fruit'],['fruit'],['vert'],['baie'],['fruit'],['bleu'],"['fruit', 'rouge']",['délicieux'],[]
['myrtill'],['france'],['fruit'],"['petit', 'déjeuner']",['tarte'],['manger'],['alimentation'],['bleu'],['couleur'],['vision'],"['fruit', 'de', 'bois']",['arbre'],"['bon', 'pour', 'le', 'santé']",[]
['myrtill'],"['bon', 'pour', 'le', 'oeil']",['saveur'],['cher'],['baie'],['bleu'],['vitamine'],[],['dessert'],['banane'],['gazon'],['forêt'],['yogourt'],[]
['myrtill'],['délicieux'],['framboise'],[],['être'],['petit'],"['petit', 'déjeuner']",[],[],['fraise'],['herbe'],['printemps'],['gâteau'],[]
['myrtill'],[],[],[],[],[],[],[],[],['jus'],[],[],[],[]
['myrtill'],[],[],[],[],[],[],[],[],[],[],[],[],[]
['myrtill'],[],[],[],[],[],[],[],[],[],[],[],[],[]
['myrtill'],[],[],[],[],[],[],[],[],[],[],[],[],[]
['nenuphar'],[],[],[],[],[],[],[],[],['grenouille'],[],[],['très'],[]
['nenuphar'],[],[],[],[],[],[],[],[],['eau'],[],[],['joli'],[]
['nenuphar'],[],[],[],[],[],[],[],[],['fleur'],[],[],"['différent', 'couleur']",[]
['nenuphar'],[],[],[],[],[],[],[],[],[],[],[],['eau'],[]
['nenuphar'],[],[],[],[],[],[],[],[],[],[],[],[],[]
['nenuphar'],[],[],[],[],[],[],[],[],[],[],[],[],[]
['nenuphar'],[],[],[],[],[],[],[],[],[],[],[],[],[]
['nenuphar'],[],[],[],[],[],[],[],[],[],[],[],[],[]
['neon'],['rideau'],['boîte'],['lumière'],['gaz'],[],['illumination'],['lumière'],['lumiere'],['lumière'],['bâton'],[],[],[]
['neon'],['fenêtre'],['lumière'],['chambre'],['dangereux'],[],['lumière'],['led'],['fragile'],['briller'],['ultraviolet'],[],[],[]
['neon'],['lumière'],"['salle', 'de', 'classe']",['blanc'],['consommateur'],[],['chambre'],['nuit'],['consommation'],['éclairer'],['lumière'],[],[],[]
['neon'],['lampe'],"['lumière', 'froid']",['électricité'],['long'],[],['nuit'],['allumer'],[],['voir'],['mur'],[],[],[]
['neon'],[],[],['gaz'],[],[],[],['maison'],[],['éteindre'],[],[],[],[]
['neon'],[],[],[],[],[],[],['extérieur'],[],['joli'],[],[],[],[]
['neon'],[],[],[],[],[],[],[],[],[],[],[],[],[]
['neon'],[],[],[],[],[],[],[],[],[],[],[],[],[]
['ornithorynque'],['fleuve'],['animal'],"['perry', 'lornithorynqu']",['animal'],['animal'],['animal'],['plat'],['australie'],['australie'],[],[],[],[]
['ornithorynque'],"['faire', 'le', 'nid']",['castor'],"['dessin', 'animer']",['poilu'],['eau'],['hybride'],['bec'],['eau'],['eau'],[],[],[],[]
['ornithorynque'],['bois'],['rivière'],"['phinéer', 'et', 'ferb']",['étrange'],[],['aquatique'],['bouche'],['timide'],['timide'],[],[],[],[]
['ornithorynque'],[],['ruisseau'],"['agent', 'secret']",['nonnaturel'],[],['sauvage'],['perry'],['bec'],['bec'],[],[],[],[]
['ornithorynque'],[],['canard'],[],[],[],[],[],['fourrure'],['fourrure'],[],[],[],[]
['ornithorynque'],[],[],[],[],[],[],[],[],[],[],[],[],[]
['ornithorynque'],[],[],[],[],[],[],[],[],[],[],[],[],[]
['ornithorynque'],[],[],[],[],[],[],[],[],[],[],[],[],[]
['ornithorynque'],[],[],[],[],[],[],[],[],[],[],[],[],[]
['paon'],[],[],[],[],[],[],[],[],['joli'],[],[],[],[]
['paon'],[],[],[],[],[],[],[],[],['zoo'],[],[],[],[]
['paon'],[],[],[],[],[],[],[],[],['merveilleux'],[],[],[],[]
['paon'],[],[],[],[],[],[],[],[],['beau'],[],[],[],[]
['paon'],[],[],[],[],[],[],[],[],[],[],[],[],[]
['paon'],[],[],[],[],[],[],[],[],[],[],[],[],[]
['paon'],[],[],[],[],[],[],[],[],[],[],[],[],[]
['paon'],[],[],[],[],[],[],[],[],[],[],[],[],[]
['papaye'],"['fruit', 'exotique']",['fruit'],['fruit'],['tropical'],['fruit'],['fruit'],['bon'],['exotique'],['fruit'],['exotic'],['exotique'],['sucre'],[]
['papaye'],['thaïland'],['jungle'],['sucrer'],['graine'],['gout'],['nutrition'],['graine'],['gout'],['paradisiaque'],['fruit'],['fruit'],['thaïland'],[]
['papaye'],['jus'],"['pays', 'étranger']",['délicieux'],['mou'],['manger'],['vitamine'],['orange'],['rouge'],['ile'],['mexiqu'],['bon'],"['pas', 'délicieux', 'de', 'tout']",[]
['papaye'],['chaud'],[],['exotique'],[],[],['dessert'],['asie'],[],['profiter'],['tropical'],['palmier'],"['fruit', 'très', 'grand']",[]
['papaye'],['soleil'],[],['sain'],[],[],[],"['amérique', 'latin']",[],['vacance'],[],[],[],[]
['papaye'],[],[],[],[],[],[],[],[],['être'],[],[],[],[]
['papaye'],[],[],[],[],[],[],[],[],[],[],[],[],[]
['papaye'],[],[],[],[],[],[],[],[],[],[],[],[],[]
['partition'],[],[],[],[],[],[],[],[],['musique'],['note'],[],['note'],[]
['partition'],[],[],[],[],[],[],[],[],['note'],['accord'],[],['musique'],[]
['partition'],[],[],[],[],[],[],[],[],['solfège'],['echelle'],[],['piano'],[]
['partition'],[],[],[],[],[],[],[],[],"['clé', 'de', 'sol']",['octave'],[],['jouer'],[]
['partition'],[],[],[],[],[],[],[],[],"['cler', 'de', 'fa']",[],[],['mozart'],[]
['partition'],[],[],[],[],[],[],[],[],['piano'],[],[],['difficile'],[]
['partition'],[],[],[],[],[],[],[],[],['spectacle'],[],[],[],[]
['partition'],[],[],[],[],[],[],[],[],[],[],[],[],[]
['pelican'],['poisson'],"['dessin', 'animé']",['oiseau'],['transport'],['oiseau'],[],"['grand', 'bec']",['bec'],['oiseau'],['voler'],['bec'],['grand'],[]
['pelican'],['gorge'],['poisson'],['poisson'],['grand'],['eau'],[],['nemo'],['eau'],['voler'],['eau'],['gros'],"['pas', 'dangereux']",[]
['pelican'],['bec'],['nourriture'],['nourriture'],['courageux'],[],[],['voler'],['poisson'],['pigeon'],['rivière'],['animal'],['poisson'],[]
['pelican'],['manger'],['oiseau'],['mer'],['plume'],[],[],['blanc'],['pêche'],[],['poisson'],['oiseau'],[],[]
['pelican'],[],['mer'],['nemo'],['orange'],[],[],['eau'],[],[],['arbre'],['bruit'],[],[]
['pelican'],[],['vent'],[],[],[],[],[],[],[],['forêt'],['désagréable'],[],[]
['pelican'],[],[],[],[],[],[],[],[],[],[],[],[],[]
['pelican'],[],[],[],[],[],[],[],[],[],[],[],[],[]
['phacochere'],['animal'],"['le', 'roi', 'lion']",[],[],[],[],['simber'],"['roi', 'lion']",['sanglier'],['animal'],[],[],[]
['phacochere'],['safari'],['lion'],[],[],[],[],"['roi', 'lion']",['corne'],['corne'],['sauvage'],[],[],[]
['phacochere'],['afrique'],['savane'],[],[],[],[],['pumbaa'],['sauvage'],['animal'],['bois'],[],[],[]
['phacochere'],[],['lémurien'],[],[],[],[],['chanter'],[],['gris'],['forêt'],[],[],[]
['phacochere'],[],['soleil'],[],[],[],[],['savane'],[],['sabot'],['cochon'],[],[],[]
['phacochere'],[],['cochon'],[],[],[],[],['afrique'],[],"['quatre', 'patte']",[],[],[],[]
['phacochere'],[],[],[],[],[],[],[],[],['courir'],[],[],[],[]
['phacochere'],[],[],[],[],[],[],[],[],['danger'],[],[],[],[]
['phacochere'],[],[],[],[],[],[],[],[],[],[],[],[],[]
['piolet'],['jardin'],[],[],"['grimper', 'sur', 'glace']",[],[],['grimper'],[],[],[],[],[],[]
['piolet'],['bricoler'],[],[],['compétition'],[],[],['avalanche'],[],[],[],[],[],[]
['piolet'],['instrument'],[],[],['accrochage'],[],[],['neige'],[],[],[],[],[],[]
['piolet'],[],[],[],['pointu'],[],[],['saccrocher'],[],[],[],[],[],[]
['piolet'],[],[],[],['ergonomique'],[],[],['pointu'],[],[],[],[],[],[]
['piolet'],[],[],[],[],[],[],[],[],[],[],[],[],[]
['piolet'],[],[],[],[],[],[],[],[],[],[],[],[],[]
['piolet'],[],[],[],[],[],[],[],[],[],[],[],[],[]
['piolet'],[],[],[],[],[],[],[],[],[],[],[],[],[]
['piolet'],[],[],[],[],[],[],[],[],[],[],[],[],[]
['pipette'],['médecin'],['chimie'],['laboratoir'],['mesurer'],['mesure'],[],['eau'],['experience'],['chimie'],[],[],['goutte'],[]
['pipette'],['analyse'],['biologie'],['médecine'],['médicament'],['mesurer'],[],['aspirer'],['goutelette'],['mesurer'],[],[],['oreille'],[]
['pipette'],['sang'],['expérience'],['recherche'],['scientifique'],['expérience'],[],['goutte'],['aspiration'],['millilitre'],[],[],['nez'],[]
['pipette'],['hôpital'],['laboratoire'],['cellule'],['médecine'],['séance'],[],['médicament'],['biologie'],['précision'],[],[],['misurer'],[]
['pipette'],['infirmier'],['liquide'],['solution'],"['petit', 'quantité']",['chimie'],[],['beau'],[],['blous'],[],[],['médicament'],[]
['pipette'],[],['instrument'],[],[],['substance'],[],[],[],['lunette'],[],[],['médecin'],[]
['pipette'],[],[],[],[],[],[],[],[],['attention'],[],[],[],[]
['pipette'],[],[],[],[],[],[],[],[],[],[],[],[],[]
['pipette'],[],[],[],[],[],[],[],[],[],[],[],[],[]
['pipette'],[],[],[],[],[],[],[],[],[],[],[],[],[]
['poireau'],[],[],[],[],[],[],[],[],[],[],[],[],[]
['poireau'],[],[],[],[],[],[],[],[],[],[],[],[],[]
['poireau'],[],[],[],[],[],[],[],[],[],[],[],[],[]
['poireau'],[],[],[],[],[],[],[],[],[],[],[],[],[]
['poireau'],[],[],[],[],[],[],[],[],[],[],[],[],[]
['poireau'],[],[],[],[],[],[],[],[],[],[],[],[],[]
['poireau'],[],[],[],[],[],[],[],[],[],[],[],[],[]
['poireau'],[],[],[],[],[],[],[],[],[],[],[],[],[]
['poireau'],[],[],[],[],[],[],[],[],[],[],[],[],[]
['poireau'],[],[],[],[],[],[],[],[],[],[],[],[],[]
['racloir'],[],['nettoyage'],[],['serpillière'],[],[],['nettoyer'],['vitre'],[],[],[],[],[]
['racloir'],[],['soirée'],[],['nettoyage'],[],[],['balai'],['propreté'],[],[],[],[],[]
['racloir'],[],"['maison', 'de', 'vacance']",[],['propreté'],[],[],[],['eau'],[],[],[],[],[]
['racloir'],[],['propreté'],[],['sol'],[],[],[],['mousse'],[],[],[],[],[]
['racloir'],[],[],[],['produit'],[],[],[],[],[],[],[],[],[]
['racloir'],[],[],[],[],[],[],[],[],[],[],[],[],[]
['racloir'],[],[],[],[],[],[],[],[],[],[],[],[],[]
['racloir'],[],[],[],[],[],[],[],[],[],[],[],[],[]
['racloir'],[],[],[],[],[],[],[],[],[],[],[],[],[]
['racloir'],[],[],[],[],[],[],[],[],[],[],[],[],[]
['raie'],[],['mer'],['mer'],['danger'],[],['océan'],['plat'],['eau'],['nager'],[],['maldive'],['mer'],[]
['raie'],[],['électricité'],['poisson'],['poisson'],[],['animal'],['long'],['grand'],['eau'],[],['océan'],['eau'],[]
['raie'],[],['snorkeling'],['baleine'],['plat'],[],['aquatique'],['queue'],['joli'],['électricité'],[],['dangereux'],['saler'],[]
['raie'],[],['sable'],['requin'],"['seul', 'marin']",[],['sauvage'],[],[],['plat'],[],['néfaste'],['joli'],[]
['raie'],[],['algue'],['eau'],[],[],['dangereux'],[],[],[],[],['plat'],[],[]
['raie'],[],['vacance'],['corail'],[],[],[],[],[],['poisson'],[],[],[],[]
['raie'],[],['soleil'],['bleu'],[],[],[],[],[],['mer'],[],[],[],[]
['raie'],[],[],[],[],[],[],[],[],['océan'],[],[],[],[]
['raie'],[],[],[],[],[],[],[],[],[],[],[],[],[]
['raie'],[],[],[],[],[],[],[],[],[],[],[],[],[]
['rateau'],[],[],[],[],[],[],[],[],['jardiner'],[],[],[],[]
['rateau'],[],[],[],[],[],[],[],[],['jardin'],[],[],[],[]
['rateau'],[],[],[],[],[],[],[],[],['planter'],[],[],[],[]
['rateau'],[],[],[],[],[],[],[],[],['herbe'],[],[],[],[]
['rateau'],[],[],[],[],[],[],[],[],['fleur'],[],[],[],[]
['rateau'],[],[],[],[],[],[],[],[],['pelle'],[],[],[],[]
['rateau'],[],[],[],[],[],[],[],[],[],[],[],[],[]
['rateau'],[],[],[],[],[],[],[],[],[],[],[],[],[]
['rateau'],[],[],[],[],[],[],[],[],[],[],[],[],[]
['rateau'],[],[],[],[],[],[],[],[],[],[],[],[],[]
['remorque'],[],['vélo'],['bagage'],['attachement'],[],[],['voiture'],[],[],['remorque'],['voiture'],[],[]
['remorque'],[],['porter'],['route'],['transport'],[],[],['lourd'],[],[],['voiture'],['permettre'],[],[]
['remorque'],[],['voiture'],['voiture'],['addition'],[],[],['derrière'],[],[],['caravane'],['autoroute'],[],[]
['remorque'],[],['caravane'],['permettre'],"['deux', 'roue']",[],[],['suivre'],[],[],['camionnette'],['transport'],[],[]
['remorque'],[],['camping'],['conduire'],[],[],[],['attacher'],[],[],[],[],[],[]
['remorque'],[],[],['volant'],[],[],[],[],[],[],[],[],[],[]
['remorque'],[],[],[],[],[],[],[],[],[],[],[],[],[]
['remorque'],[],[],[],[],[],[],[],[],[],[],[],[],[]
['remorque'],[],[],[],[],[],[],[],[],[],[],[],[],[]
['remorque'],[],[],[],[],[],[],[],[],[],[],[],[],[]
['rhinocero'],[],[],[],[],[],[],[],[],['corne'],"['t', 're']",[],[],[]
['rhinocero'],[],[],[],[],[],[],[],[],['zoo'],[],[],[],[]
['rhinocero'],[],[],[],[],[],[],[],[],['safari'],[],[],[],[]
['rhinocero'],[],[],[],[],[],[],[],[],['animal'],[],[],[],[]
['rhinocero'],[],[],[],[],[],[],[],[],['gris'],[],[],[],[]
['rhinocero'],[],[],[],[],[],[],[],[],"['quatre', 'patte']",[],[],[],[]
['rhinocero'],[],[],[],[],[],[],[],[],['courir'],[],[],[],[]
['rhinocero'],[],[],[],[],[],[],[],[],[],[],[],[],[]
['rhinocero'],[],[],[],[],[],[],[],[],[],[],[],[],[]
['rhinocero'],[],[],[],[],[],[],[],[],[],[],[],[],[]
['sablier'],['bain'],['temps'],['temps'],['temps'],['temps'],['temps'],['temps'],['sable'],['temps'],['temps'],['temps'],[],[]
['sablier'],['spa'],['sable'],['passer'],['sable'],['passage'],['second'],['chronomètre'],['temps'],['sable'],['indéterminable'],['aladin'],[],[]
['sablier'],['therm'],"['jeu', 'de', 'société']",['présent'],['antiquité'],[],['attent'],['changer'],['jeu'],"['jeu', 'de', 'société']",['imprédictible'],['sable'],[],[]
['sablier'],"['brosser', 'le', 'dent']","['jeu', 'de', 'carte']",['futur'],['grèce'],[],[],['renverser'],['rapidité'],['famille'],[],['horloge'],[],[]
['sablier'],['compter'],"['le', 'temps', 'qui', 'passer']",['minute'],['rome'],[],[],[],[],['amusement'],[],[],[],[]
['sablier'],[],[],['second'],['évaluation'],[],[],[],[],['rigoler'],[],[],[],[]
['sablier'],[],[],['heure'],[],[],[],[],[],['temps'],[],[],[],[]
['sablier'],[],[],[],[],[],[],[],[],"['cest', 'cool']",[],[],[],[]
['sablier'],[],[],[],[],[],[],[],[],[],[],[],[],[]
['sablier'],[],[],[],[],[],[],[],[],[],[],[],[],[]
['salopette'],[],[],[],[],[],[],[],[],['combinaison'],[],[],['bébé'],[]
['salopette'],[],[],[],[],[],[],[],[],['travail'],[],[],['garçon'],[]
['salopette'],[],[],[],[],[],[],[],[],['peindre'],[],[],['être'],[]
['salopette'],[],[],[],[],[],[],[],[],"['se', 'salir']",[],[],"['temps', 'très', 'chaud']",[]
['salopette'],[],[],[],[],[],[],[],[],['peinture'],[],[],['léger'],[]
['salopette'],[],[],[],[],[],[],[],[],['bricolage'],[],[],[],[]
['salopette'],[],[],[],[],[],[],[],[],[],[],[],[],[]
['salopette'],[],[],[],[],[],[],[],[],[],[],[],[],[]
['salopette'],[],[],[],[],[],[],[],[],[],[],[],[],[]
['salopette'],[],[],[],[],[],[],[],[],[],[],[],[],[]
['sanglier'],['marron'],"['fox', 'terrier']",['forêt'],['brutal'],[],[],['cochon'],['forêt'],['astérix'],['cochon'],['porc'],[],[]
['sanglier'],['forêt'],['chasse'],['cochon'],['poilu'],[],[],['porcinet'],['truffe'],['obélix'],['animal'],['viande'],[],[]
['sanglier'],['dangereux'],[],['porc'],['cochon'],[],[],['sauvage'],['sale'],['grillade'],['forêt'],['sauvage'],[],[]
['sanglier'],['chasser'],['forêt'],['nourriture'],['sauvage'],[],[],['brun'],['dangereux'],['manger'],[],['proie'],[],[]
['sanglier'],['bois'],['cochon'],['plat'],[],[],[],['petit'],['poilu'],['animal'],[],[],[],[]
['sanglier'],[],['phacochère'],['noël'],[],[],[],['grand'],[],['courir'],[],[],[],[]
['sanglier'],[],[],[],[],[],[],[],[],['sabot'],[],[],[],[]
['sanglier'],[],[],[],[],[],[],[],[],[],[],[],[],[]
['sanglier'],[],[],[],[],[],[],[],[],[],[],[],[],[]
['sanglier'],[],[],[],[],[],[],[],[],[],[],[],[],[]
['sarcophage'],['égypte'],['égypte'],['sarcophage'],['tombe'],['égypte'],['égypte'],['égypte'],[],['pyramide'],['momie'],['égypte'],['pharaon'],[]
['sarcophage'],[],['pyramide'],['pharaon'],"['rite', 'funéraire']",[],['histoire'],['momie'],[],['égypte'],['égypte'],['toutankhamon'],['momie'],[]
['sarcophage'],['cadavre'],['sable'],['egypte'],['égypte'],[],['passer'],['nile'],[],['découvrir'],['décoration'],['pyramide'],['égypte'],[]
['sarcophage'],['pyramide'],['chaleur'],['sphinx'],['décoration'],[],['antique'],['riviere'],[],[],['ornement'],['histoire'],['ancien'],[]
['sarcophage'],[],['cléopâtre'],['vieux'],['or'],[],[],['pharaon'],[],[],['sacrifice'],['sacrer'],"['très', 'riche']",[]
['sarcophage'],[],['momie'],['ancier'],[],[],[],[],[],[],[],['riche'],['or'],[]
['sarcophage'],[],['tombeau'],[],[],[],[],[],[],[],[],['civilisation'],[],[]
['sarcophage'],[],[],[],[],[],[],[],[],[],[],['or'],[],[]
['sarcophage'],[],[],[],[],[],[],[],[],[],[],[],[],[]
['sarcophage'],[],[],[],[],[],[],[],[],[],[],[],[],[]
['saxophone'],['musique'],"['instrument', 'de', 'musique']",['musique'],['instrument'],[],['musique'],"['à', 'vent']",['musique'],['musique'],['jazz'],"['instrument', 'de', 'musique']",[],[]
['saxophone'],['chanter'],['jazz'],['instrument'],['cuivre'],[],['orchestre'],['instrument'],['concert'],['danser'],['musique'],['beau'],[],[]
['saxophone'],['concert'],['or'],"['groupe', 'de', 'musique']",['jazz'],[],['artiste'],['flûte'],['melodie'],"['note', 'de', 'musique']",['accord'],['or'],[],[]
['saxophone'],['conservatoire'],['musique'],['son'],"['nouveau', 'orléans']",[],['musicien'],['guitare'],['bruit'],['partition'],['flûte'],[],[],[]
['saxophone'],['musicien'],"['note', 'de', 'musique']",[],['groove'],[],[],['violon'],[],['piano'],['clarinette'],[],[],[]
['saxophone'],['philharmonique'],[],[],[],[],[],[],[],"['flûte', 'à', 'bec']",[],[],[],[]
['saxophone'],[],[],[],[],[],[],[],[],['concert'],[],[],[],[]
['saxophone'],[],[],[],[],[],[],[],[],['solfège'],[],[],[],[]
['saxophone'],[],[],[],[],[],[],[],[],[],[],[],[],[]
['saxophone'],[],[],[],[],[],[],[],[],[],[],[],[],[]
['scaphandr'],"['sou', 'marinier']",['mer'],['mer'],['scaphandr'],[],[],[],['plongée'],['nager'],[],"['sou', 'marin']",[],[]
['scaphandr'],['expédition'],['océan'],['poisson'],['plongée'],[],[],[],['lourd'],['mer'],[],['eau'],[],[]
['scaphandr'],['investiger'],['plongée'],"['vie', 'marine']","[' ', 'siècle']",[],[],[],['immersion'],['espace'],[],['mer'],[],[]
['scaphandr'],[],"['sou', 'marin']",[],['exploration'],[],[],[],['expérience'],"['youri', 'gagarin']",[],['expédition'],[],[]
['scaphandr'],[],['découverte'],[],['protection'],[],[],[],[],[],[],[],[],[]
['scaphandr'],[],['trésor'],[],['métal'],[],[],[],[],[],[],[],[],[]
['scaphandr'],[],[],[],['pression'],[],[],[],[],[],[],[],[],[]
['scaphandr'],[],[],[],[],[],[],[],[],[],[],[],[],[]
['scaphandr'],[],[],[],[],[],[],[],[],[],[],[],[],[]
['scaphandr'],[],[],[],[],[],[],[],[],[],[],[],[],[]
['sceptre'],['pouvoir'],['royauté'],[],['royauté'],[],[],[],[],['roi'],[],['roi'],[],[]
['sceptre'],['état'],['pouvoir'],[],['clergé'],[],[],[],[],['reine'],[],"['famille', 'royal']",[],[]
['sceptre'],[],['or'],[],['fonction'],[],[],[],[],['couronne'],[],"['très', 'cher']",[],[]
['sceptre'],[],['argent'],[],['arme'],[],[],[],[],['gouverner'],[],['or'],[],[]
['sceptre'],[],['richesse'],[],['guerre'],[],[],[],[],['princesse'],[],[],[],[]
['sceptre'],[],['monarchie'],[],"['statut', 'social']",[],[],[],[],['prince'],[],[],[],[]
['sceptre'],[],[],[],[],[],[],[],[],[],[],[],[],[]
['sceptre'],[],[],[],[],[],[],[],[],[],[],[],[],[]
['sceptre'],[],[],[],[],[],[],[],[],[],[],[],[],[]
['sceptre'],[],[],[],[],[],[],[],[],[],[],[],[],[]
['scorpion'],['sarah'],['tatouage'],['horoscope'],['vénéneu'],['animal'],['dangereux'],['dangereux'],['morsure'],"['signe', 'de', 'zodiaque']",['lion'],['dangereux'],"['signe', 'astrologique']",[]
['scorpion'],['sable'],"['signe', 'astrologique']",['zodiaque'],['arthropod'],['dangereux'],['animal'],['pied'],['piqûre'],['novembre'],['animal'],"['pouvoir', 'tuer']",['dangereux'],[]
['scorpion'],['chaud'],['insect'],['animal'],['insect'],['piqûre'],['insect'],['noir'],['mort'],['nager'],['sauvage'],['egypte'],['poison'],[]
['scorpion'],['dangereux'],['animal'],['poison'],['dangereux'],['desert'],['désert'],['foncé'],['dangereux'],['eau'],['afrique'],['sonde'],['toxique'],[]
['scorpion'],['piqu'],['sable'],['pincement'],['sable'],[],[],['cool'],['petit'],"['signe', 'deau']",['arbre'],[],[],[]
['scorpion'],[],['désert'],['dangereux'],['desert'],[],[],[],['poison'],[],[],[],[],[]
['scorpion'],[],[],['plage'],[],[],[],[],[],[],[],[],[],[]
['scorpion'],[],[],[],[],[],[],[],[],[],[],[],[],[]
['scorpion'],[],[],[],[],[],[],[],[],[],[],[],[],[]
['scorpion'],[],[],[],[],[],[],[],[],[],[],[],[],[]
['secateur'],['bois'],['jardinerie'],['arbre'],[],[],['travail'],['plante'],['jardin'],['couper'],['pince'],['construction'],['fleur'],[]
['secateur'],['couper'],"['grand', 'mère']",['branche'],[],[],['construction'],['couper'],['plante'],['buisson'],['opération'],['bricolage'],"['très', 'sharp']",[]
['secateur'],['jardinier'],['buisson'],['feuille'],[],[],['ménage'],['cultiver'],['force'],['rose'],['bois'],['outil'],['jardin'],[]
['secateur'],['rose'],['fleur'],['plante'],[],[],['maison'],['terre'],['être'],['jardiner'],['construction'],['technique'],[],[]
['secateur'],[],['rose'],['soin'],[],[],[],['hobby'],[],['râteau'],['desassemblemer'],['homme'],[],[]
['secateur'],[],['piquant'],['jardin'],[],[],[],['jardin'],[],['pelle'],[],[],[],[]
['secateur'],[],[],[],[],[],[],[],[],['planter'],[],[],[],[]
['secateur'],[],[],[],[],[],[],[],[],['joli'],[],[],[],[]
['secateur'],[],[],[],[],[],[],[],[],"['bel', 'fleur']",[],[],[],[]
['secateur'],[],[],[],[],[],[],[],[],[],[],[],[],[]
['seringue'],['infirmier'],['médecine'],['solution'],['médical'],['médecine'],['médical'],['injection'],['médecin'],['médicament'],['injection'],[],[],[]
['seringue'],['analyse'],['drogue'],['médecin'],['injection'],['mesurer'],['opération'],['liquide'],['douleur'],['drogue'],['covid'],[],[],[]
['seringue'],['sang'],['hôpital'],['assister'],['compression'],['médicament'],['injection'],['médicament'],['maladie'],['hôpital'],['acide'],[],[],[]
['seringue'],['prendre'],['addiction'],['hôpital'],['liquide'],['liquide'],['drogue'],['docteur'],[],['malade'],['anticorp'],[],[],[]
['seringue'],['douleur'],['maladie'],['cabinet'],[],['science'],['médicament'],['médecin'],[],['urgence'],[],[],[],[]
['seringue'],[],['vaccin'],[],[],['expérience'],[],['jouet'],[],[],[],[],[],[]
['seringue'],[],[],[],[],[],[],['enfant'],[],[],[],[],[],[]
['seringue'],[],[],[],[],[],[],[],[],[],[],[],[],[]
['seringue'],[],[],[],[],[],[],[],[],[],[],[],[],[]
['seringue'],[],[],[],[],[],[],[],[],[],[],[],[],[]
['soufflet'],['feu'],[],[],['forgeron'],[],[],[],['souffle'],[],[],[],[],[]
['soufflet'],['incendie'],[],[],['enclume'],[],[],[],['cheminée'],[],[],[],[],[]
['soufflet'],['cheminet'],[],[],['feu'],[],[],[],['vent'],[],[],[],[],[]
['soufflet'],[],[],[],['air'],[],[],[],[],[],[],[],[],[]
['soufflet'],[],[],[],['chaud'],[],[],[],[],[],[],[],[],[]
['soufflet'],[],[],[],['travailler'],[],[],[],[],[],[],[],[],[]
['soufflet'],[],[],[],[],[],[],[],[],[],[],[],[],[]
['soufflet'],[],[],[],[],[],[],[],[],[],[],[],[],[]
['soufflet'],[],[],[],[],[],[],[],[],[],[],[],[],[]
['soufflet'],[],[],[],[],[],[],[],[],[],[],[],[],[]
['spatule'],['manger'],['cuisine'],['spatule'],['cuisine'],[],['cuisine'],['cuisiner'],['cuisine'],['cuisiner'],['cuisiner'],['cuisine'],[],[]
['spatule'],['chef'],['crêpe'],['nourriture'],['retourner'],[],['manger'],['variété'],['bois'],"['plaqu', 'de', 'cuisson']","['faire', 'à', 'manger']",['plat'],[],[]
['spatule'],['cuisine'],['oeuf'],['repas'],[],[],['chef'],['frire'],['viande'],"['steak', 'hacher']",['table'],['service'],[],[]
['spatule'],['poêle'],['remuer'],"['matin', 'midi', 'soir']",[],[],['alimentation'],['plastique'],[],[],[],['manipulation'],[],[]
['spatule'],['frire'],['poêle'],['snack'],[],[],[],['métal'],[],[],[],[],[],[]
['spatule'],[],[],['grignotage'],[],[],[],[],[],[],[],[],[],[]
['spatule'],[],[],"['de', 'oeuf', 'au', 'plat']",[],[],[],[],[],[],[],[],[],[]
['spatule'],[],[],[],[],[],[],[],[],[],[],[],[],[]
['spatule'],[],[],[],[],[],[],[],[],[],[],[],[],[]
['spatule'],[],[],[],[],[],[],[],[],[],[],[],[],[]
['stethoscope'],[],[],[],[],[],[],[],[],['médecin'],['médecin'],[],[],[]
['stethoscope'],[],[],[],[],[],[],[],[],['pédiatre'],['cancer'],[],[],[]
['stethoscope'],[],[],[],[],[],[],[],[],['malade'],['cellule'],[],[],[]
['stethoscope'],[],[],[],[],[],[],[],[],['vérifier'],['bactérie'],[],[],[]
['stethoscope'],[],[],[],[],[],[],[],[],['étude'],['virus'],[],[],[]
['stethoscope'],[],[],[],[],[],[],[],[],['poids'],"['battement', 'de', 'cœur']",[],[],[]
['stethoscope'],[],[],[],[],[],[],[],[],"['bon', 'santé']",['rythme'],[],[],[]
['stethoscope'],[],[],[],[],[],[],[],[],"['dossier', 'médical']",[],[],[],[]
['stethoscope'],[],[],[],[],[],[],[],[],[],[],[],[],[]
['stethoscope'],[],[],[],[],[],[],[],[],[],[],[],[],[]
['tambourin'],['jouer'],['musique'],['musique'],['instrument'],[],['musique'],['bruit'],['musique'],['musique'],['percussion'],"['le', 'bossu', 'de', 'notre', 'dame']",[],[]
['tambourin'],['musique'],['rythmique'],['groupe'],['percussion'],[],['performance'],['cymbale'],['enfance'],"['salle', 'de', 'rythmique']",['batteur'],['cathedral'],[],[]
['tambourin'],['carnaval'],"['école', 'enfantin']",['son'],"['petit', 'cymbale']",[],['orchestre'],['musique'],['jouer'],"['prof', 'de', 'musique']",[],"['instrument', 'de', 'musique']",[],[]
['tambourin'],['concert'],['enfant'],['ambiance'],['fête'],[],['artiste'],['batterie'],[],['danser'],[],['son'],[],[]
['tambourin'],[],['bruit'],['amusement'],['carnaval'],[],['chanson'],['métronome'],[],['rythme'],[],[],[],[]
['tambourin'],[],[],[],['cirque'],[],[],['enfant'],[],['chanter'],[],[],[],[]
['tambourin'],[],[],[],[],[],[],[],[],[],[],[],[],[]
['tambourin'],[],[],[],[],[],[],[],[],[],[],[],[],[]
['tambourin'],[],[],[],[],[],[],[],[],[],[],[],[],[]
['tambourin'],[],[],[],[],[],[],[],[],[],[],[],[],[]
['tapir'],['animal'],[],[],['animal'],[],['animal'],[],[],['animal'],[],['animal'],[],[]
['tapir'],['fourmi'],[],[],['afrique'],[],['sauvage'],[],[],['brun'],[],['odeur'],[],[]
['tapir'],[],[],[],['ongulide'],[],['afrique'],[],[],['exotique'],[],['foret'],[],[]
['tapir'],[],[],[],[],[],['savane'],[],[],"['quatre', 'patte']",[],['verdure'],[],[]
['tapir'],[],[],[],[],[],[],[],[],[],[],['proie'],[],[]
['tapir'],[],[],[],[],[],[],[],[],[],[],[],[],[]
['tapir'],[],[],[],[],[],[],[],[],[],[],[],[],[]
['tapir'],[],[],[],[],[],[],[],[],[],[],[],[],[]
['tapir'],[],[],[],[],[],[],[],[],[],[],[],[],[]
['tapir'],[],[],[],[],[],[],[],[],[],[],[],[],[]
['taureau'],[],[],[],[],[],[],[],[],"['signe', 'de', 'zodiaque']",['animal'],[],[],[]
['taureau'],[],[],[],[],[],[],[],[],['mai'],['vache'],[],[],[]
['taureau'],[],[],[],[],[],[],[],[],['bouc'],['rouge'],[],[],[]
['taureau'],[],[],[],[],[],[],[],[],[],['sang'],[],[],[]
['taureau'],[],[],[],[],[],[],[],[],[],[],[],[],[]
['taureau'],[],[],[],[],[],[],[],[],[],[],[],[],[]
['taureau'],[],[],[],[],[],[],[],[],[],[],[],[],[]
['taureau'],[],[],[],[],[],[],[],[],[],[],[],[],[]
['taureau'],[],[],[],[],[],[],[],[],[],[],[],[],[]
['taureau'],[],[],[],[],[],[],[],[],[],[],[],[],[]
['telescope'],['nuit'],['lune'],['espace'],['étoile'],['regarder'],['astronomie'],['observation'],['planète'],['télescope'],['univers'],['astronaute'],['étoile'],[]
['telescope'],['étoile'],['étoile'],['étoile'],['physique'],['ciel'],['observation'],['lune'],['vue'],['étoile'],['planète'],['étoile'],['espace'],[]
['telescope'],['voir'],['astronomie'],['planète'],"['trou', 'noir']",['étoile'],['scientifique'],['soleil'],['grand'],"['étoile', 'filant']",['soleil'],['univers'],['regarder'],[]
['telescope'],['chercher'],['astrophysique'],['astronaute'],['constellation'],[],['calcul'],['etoile'],['univers'],['soleil'],['jupiter'],['galaxie'],"['très', 'joli']",[]
['telescope'],['observatoire'],['cosmologi'],['rocket'],['observation'],[],['distance'],['nuit'],[],"['signe', 'de', 'zodiaque']",['neptun'],['expédition'],['romantique'],[]
['telescope'],['astronomie'],['astrologie'],[],['astrophysique'],[],[],['photograph'],[],['constellation'],['uranu'],['découverte'],[],[]
['telescope'],[],[],[],['astronomie'],[],[],[],[],[],['étoile'],['nature'],[],[]
['telescope'],[],[],[],['observatoire'],[],[],[],[],[],['inconnu'],[],[],[]
['telescope'],[],[],[],[],[],[],[],[],[],[],[],[],[]
['telescope'],[],[],[],[],[],[],[],[],[],[],[],[],[]
['tendeur'],['drapeau'],[],[],[],[],[],['tendeur'],[],['attacher'],[],[],[],[]
['tendeur'],['accrocher'],[],[],[],[],[],['corde'],[],['lier'],[],[],[],[]
['tendeur'],[],[],[],[],[],[],['tenir'],[],['métal'],[],[],[],[]
['tendeur'],['bâtiment'],[],[],[],[],[],['attacher'],[],['tissu'],[],[],[],[]
['tendeur'],[],[],[],[],[],[],['élastique'],[],[],[],[],[],[]
['tendeur'],[],[],[],[],[],[],['pliable'],[],[],[],[],[],[]
['tendeur'],[],[],[],[],[],[],[],[],[],[],[],[],[]
['tendeur'],[],[],[],[],[],[],[],[],[],[],[],[],[]
['tendeur'],[],[],[],[],[],[],[],[],[],[],[],[],[]
['tendeur'],[],[],[],[],[],[],[],[],[],[],[],[],[]
['theiere'],[],[],[],[],[],[],[],[],[],[],[],[],[]
['theiere'],[],[],[],[],[],[],[],[],[],[],[],[],[]
['theiere'],[],[],[],[],[],[],[],[],[],[],[],[],[]
['theiere'],[],[],[],[],[],[],[],[],[],[],[],[],[]
['theiere'],[],[],[],[],[],[],[],[],[],[],[],[],[]
['theiere'],[],[],[],[],[],[],[],[],[],[],[],[],[]
['theiere'],[],[],[],[],[],[],[],[],[],[],[],[],[]
['theiere'],[],[],[],[],[],[],[],[],[],[],[],[],[]
['theiere'],[],[],[],[],[],[],[],[],[],[],[],[],[]
['theiere'],[],[],[],[],[],[],[],[],[],[],[],[],[]
['tirebouchon'],[],[],[],[],[],[],[],[],[],[],[],[],[]
['tirebouchon'],[],[],[],[],[],[],[],[],[],[],[],[],[]
['tirebouchon'],[],[],[],[],[],[],[],[],[],[],[],[],[]
['tirebouchon'],[],[],[],[],[],[],[],[],[],[],[],[],[]
['tirebouchon'],[],[],[],[],[],[],[],[],[],[],[],[],[]
['tirebouchon'],[],[],[],[],[],[],[],[],[],[],[],[],[]
['tirebouchon'],[],[],[],[],[],[],[],[],[],[],[],[],[]
['tirebouchon'],[],[],[],[],[],[],[],[],[],[],[],[],[]
['tirebouchon'],[],[],[],[],[],[],[],[],[],[],[],[],[]
['tirebouchon'],[],[],[],[],[],[],[],[],[],[],[],[],[]
['totem'],['religion'],['indien'],['religion'],['scout'],[],['religion'],['statue'],['indien'],['feu'],[],['aztèque'],[],[]
['totem'],['croir'],['aigle'],['ancien'],['rituel'],[],['rituel'],['indien'],['bois'],['bois'],[],['maya'],[],[]
['totem'],['symbole'],['animal'],['histoire'],['indien'],[],['sacrifice'],['bois'],['structure'],['sculpté'],[],"['amérique', 'latin']",[],[]
['totem'],[],['nature'],['dieu'],['naturel'],[],[],['brun'],[],['couteau'],[],['histoire'],[],[]
['totem'],[],['esprit'],[],['bois'],[],[],['feu'],[],[],[],['monument'],[],[]
['totem'],[],['dieu'],[],[],[],[],[],[],[],[],['statue'],[],[]
['totem'],[],"['feu', 'de', 'camp']",[],[],[],[],[],[],[],[],['emblème'],[],[]
['totem'],[],['teepee'],[],[],[],[],[],[],[],[],[],[],[]
['totem'],[],['amérique'],[],[],[],[],[],[],[],[],[],[],[]
['totem'],[],[],[],[],[],[],[],[],[],[],[],[],[]
['tripied'],['mésure'],['photo'],['trépied'],['caméra'],[],['caméra'],['photographie'],['photo'],['photo'],['cinéma'],['photographie'],[],[]
['tripied'],['géologue'],[],['caméra'],['stabilité'],[],['photographie'],['stabilité'],['balance'],['vidéo'],['prise'],['caméra'],[],[]
['tripied'],['architecte'],"['appareil', 'photo']",['photo'],['filmer'],[],['stabilité'],['pied'],['pied'],['précision'],['photographie'],['appareil'],[],[]
['tripied'],['bâtiment'],['image'],['paysage'],['gyroscope'],[],['optique'],['trois'],[],['stabilité'],['scène'],['art'],[],[]
['tripied'],['hauteur'],['film'],['forêt'],[],[],[],[],[],['film'],['hollywood'],['soutien'],[],[]
['tripied'],['distance'],['cinéma'],"['coucher', 'de', 'soleil']",[],[],[],[],[],['trois'],[],['maintien'],[],[]
['tripied'],[],[],['couleur'],[],[],[],[],[],['pied'],[],[],[],[]
['tripied'],[],[],['maman'],[],[],[],[],[],[],[],[],[],[]
['tripied'],[],[],['souvenir'],[],[],[],[],[],[],[],[],[],[]
['tripied'],[],[],[],[],[],[],[],[],[],[],[],[],[]
['tringle'],['régler'],[],[],[],[],[],[],[],['rideau'],[],[],['rideau'],[]
['tringle'],[],[],[],[],[],[],[],[],['cacher'],[],[],['barre'],[]
['tringle'],[],[],[],[],[],[],[],[],['fermer'],[],[],['fenêtre'],[]
['tringle'],[],[],[],[],[],[],[],[],['ouvrir'],[],[],['maison'],[]
['tringle'],[],[],[],[],[],[],[],[],['luminosité'],[],[],[],[]
['tringle'],[],[],[],[],[],[],[],[],['soleil'],[],[],[],[]
['tringle'],[],[],[],[],[],[],[],[],['chambre'],[],[],[],[]
['tringle'],[],[],[],[],[],[],[],[],"['pièce', 'salon']",[],[],[],[]
['tringle'],[],[],[],[],[],[],[],[],['laver'],[],[],[],[]
['tringle'],[],[],[],[],[],[],[],[],[],[],[],[],[]
['tronconneuse'],[],[],[],[],[],[],[],[],"['massacre', 'à', 'le', 'tronçonneuse']",['désassembler'],[],[],[]
['tronconneuse'],[],[],[],[],[],[],[],[],"['film', 'dhorreur']",['miette'],[],[],[]
['tronconneuse'],[],[],[],[],[],[],[],[],['peur'],['partie'],[],[],[]
['tronconneuse'],[],[],[],[],[],[],[],[],['courir'],['pièce'],[],[],[]
['tronconneuse'],[],[],[],[],[],[],[],[],['horreur'],['tranche'],[],[],[]
['tronconneuse'],[],[],[],[],[],[],[],[],"['pas', 'dormir']",[],[],[],[]
['tronconneuse'],[],[],[],[],[],[],[],[],[],[],[],[],[]
['tronconneuse'],[],[],[],[],[],[],[],[],[],[],[],[],[]
['tronconneuse'],[],[],[],[],[],[],[],[],"['nuit', 'blanc']",[],[],[],[]
['tronconneuse'],[],[],[],[],[],[],[],[],[],[],[],[],[]
['truelle'],[],[],[],[],[],[],[],[],[],[],[],[],[]
['truelle'],[],[],[],[],[],[],[],[],[],[],[],[],[]
['truelle'],[],[],[],[],[],[],[],[],[],[],[],[],[]
['truelle'],[],[],[],[],[],[],[],[],[],[],[],[],[]
['truelle'],[],[],[],[],[],[],[],[],[],[],[],[],[]
['truelle'],[],[],[],[],[],[],[],[],[],[],[],[],[]
['truelle'],[],[],[],[],[],[],[],[],[],[],[],[],[]
['truelle'],[],[],[],[],[],[],[],[],[],[],[],[],[]
['truelle'],[],[],[],[],[],[],[],[],[],[],[],[],[]
['truelle'],[],[],[],[],[],[],[],[],[],[],[],[],[]
['violon'],[],[],[],[],[],[],[],[],[],[],[],[],[]
['violon'],[],[],[],[],[],[],[],[],[],[],[],[],[]
['violon'],[],[],[],[],[],[],[],[],[],[],[],[],[]
['violon'],[],[],[],[],[],[],[],[],[],[],[],[],[]
['violon'],[],[],[],[],[],[],[],[],[],[],[],[],[]
['violon'],[],[],[],[],[],[],[],[],[],[],[],[],[]
['violon'],[],[],[],[],[],[],[],[],[],[],[],[],[]
['violon'],[],[],[],[],[],[],[],[],[],[],[],[],[]
['violon'],[],[],[],[],[],[],[],[],[],[],[],[],[]
['violon'],[],[],[],[],[],[],[],[],[],[],[],[],[]
['xylophone'],[],[],[],[],[],[],[],[],['xylophone'],['instrument'],[],[],[]
['xylophone'],[],[],[],[],[],[],[],[],['musique'],['musical'],[],[],[]
['xylophone'],[],[],[],[],[],[],[],[],"['cours', 'de', 'musique']",['bruit'],[],[],[]
['xylophone'],[],[],[],[],[],[],[],[],['cycle'],['être'],[],[],[]
['xylophone'],[],[],[],[],[],[],[],[],"['groupe', 'de', 'musique']",['perturber'],[],[],[]
['xylophone'],[],[],[],[],[],[],[],[],"['prof', 'de', 'musique']",[],[],[],[]
['xylophone'],[],[],[],[],[],[],[],[],[],[],[],[],[]
['xylophone'],[],[],[],[],[],[],[],[],[],[],[],[],[]
['xylophone'],[],[],[],[],[],[],[],[],[],[],[],[],[]
['xylophone'],[],[],[],[],[],[],[],[],[],[],[],[],[]
